[{"model": "contenttypes.contenttype", "pk": 1, "fields": {"app_label": "admin", "model": "logentry"}}, {"model": "contenttypes.contenttype", "pk": 2, "fields": {"app_label": "auth", "model": "permission"}}, {"model": "contenttypes.contenttype", "pk": 3, "fields": {"app_label": "auth", "model": "group"}}, {"model": "contenttypes.contenttype", "pk": 4, "fields": {"app_label": "contenttypes", "model": "contenttype"}}, {"model": "contenttypes.contenttype", "pk": 5, "fields": {"app_label": "sessions", "model": "session"}}, {"model": "contenttypes.contenttype", "pk": 6, "fields": {"app_label": "sites", "model": "site"}}, {"model": "contenttypes.contenttype", "pk": 7, "fields": {"app_label": "users", "model": "user"}}, {"model": "contenttypes.contenttype", "pk": 8, "fields": {"app_label": "account", "model": "emailaddress"}}, {"model": "contenttypes.contenttype", "pk": 9, "fields": {"app_label": "account", "model": "emailconfirmation"}}, {"model": "contenttypes.contenttype", "pk": 10, "fields": {"app_label": "socialaccount", "model": "socialaccount"}}, {"model": "contenttypes.contenttype", "pk": 11, "fields": {"app_label": "socialaccount", "model": "socialapp"}}, {"model": "contenttypes.contenttype", "pk": 12, "fields": {"app_label": "socialaccount", "model": "socialtoken"}}, {"model": "contenttypes.contenttype", "pk": 13, "fields": {"app_label": "question", "model": "answer"}}, {"model": "contenttypes.contenttype", "pk": 14, "fields": {"app_label": "question", "model": "examuseranswer"}}, {"model": "contenttypes.contenttype", "pk": 15, "fields": {"app_label": "question", "model": "question"}}, {"model": "contenttypes.contenttype", "pk": 16, "fields": {"app_label": "question", "model": "examusersession"}}, {"model": "contenttypes.contenttype", "pk": 17, "fields": {"app_label": "exam", "model": "exam"}}, {"model": "contenttypes.contenttype", "pk": 18, "fields": {"app_label": "elearning", "model": "elearning"}}, {"model": "contenttypes.contenttype", "pk": 19, "fields": {"app_label": "elearning", "model": "elearningsession"}}, {"model": "contenttypes.contenttype", "pk": 20, "fields": {"app_label": "elearning", "model": "slide"}}, {"model": "contenttypes.contenttype", "pk": 21, "fields": {"app_label": "elearning", "model": "elearningusersession"}}, {"model": "contenttypes.contenttype", "pk": 22, "fields": {"app_label": "elearning", "model": "elearninguseranswer"}}, {"model": "contenttypes.contenttype", "pk": 23, "fields": {"app_label": "elearning", "model": "elearningrepetition"}}, {"model": "contenttypes.contenttype", "pk": 24, "fields": {"app_label": "elearning", "model": "elearningcorrection"}}, {"model": "sessions.session", "pk": "0oslbzioqnju7wwbnoidn60tnq2m3zu8", "fields": {"session_data": "YjBhMzcwMTg0Y2NmZTRlMjgzMzQ1ODNlYWI2MWU2OTQxMTJhYjhmNzp7Il9hdXRoX3VzZXJfaWQiOiIxIiwiX2F1dGhfdXNlcl9iYWNrZW5kIjoiZGphbmdvLmNvbnRyaWIuYXV0aC5iYWNrZW5kcy5Nb2RlbEJhY2tlbmQiLCJfYXV0aF91c2VyX2hhc2giOiI2YWM3MzkwYTFiMmExMmM5OTBkNzZmMTRkMzA4ZGViNzkxYjYzODFmIiwiX3Nlc3Npb25fZXhwaXJ5IjowfQ==", "expire_date": "2019-11-18T10:20:02.777Z"}}, {"model": "sessions.session", "pk": "15496lhqusmwp3cuvwoxx80s4vstnefq", "fields": {"session_data": "YjBhMzcwMTg0Y2NmZTRlMjgzMzQ1ODNlYWI2MWU2OTQxMTJhYjhmNzp7Il9hdXRoX3VzZXJfaWQiOiIxIiwiX2F1dGhfdXNlcl9iYWNrZW5kIjoiZGphbmdvLmNvbnRyaWIuYXV0aC5iYWNrZW5kcy5Nb2RlbEJhY2tlbmQiLCJfYXV0aF91c2VyX2hhc2giOiI2YWM3MzkwYTFiMmExMmM5OTBkNzZmMTRkMzA4ZGViNzkxYjYzODFmIiwiX3Nlc3Npb25fZXhwaXJ5IjowfQ==", "expire_date": "2019-10-10T23:12:05.824Z"}}, {"model": "sessions.session", "pk": "235yiy7buq9wcuipxvwntsr874bpvduf", "fields": {"session_data": "YjBhMzcwMTg0Y2NmZTRlMjgzMzQ1ODNlYWI2MWU2OTQxMTJhYjhmNzp7Il9hdXRoX3VzZXJfaWQiOiIxIiwiX2F1dGhfdXNlcl9iYWNrZW5kIjoiZGphbmdvLmNvbnRyaWIuYXV0aC5iYWNrZW5kcy5Nb2RlbEJhY2tlbmQiLCJfYXV0aF91c2VyX2hhc2giOiI2YWM3MzkwYTFiMmExMmM5OTBkNzZmMTRkMzA4ZGViNzkxYjYzODFmIiwiX3Nlc3Npb25fZXhwaXJ5IjowfQ==", "expire_date": "2019-11-05T16:38:37.497Z"}}, {"model": "sessions.session", "pk": "43nj2edak1863pg7loffy6sils13cv7t", "fields": {"session_data": "ZjM0NmI5NTYyNDc1ZjNiMTMyZDEwYTgzOWU1Y2Q5YjE0OGY0OTRiYTp7Il9hdXRoX3VzZXJfaWQiOiIxMSIsIl9hdXRoX3VzZXJfYmFja2VuZCI6ImRqYW5nby5jb250cmliLmF1dGguYmFja2VuZHMuTW9kZWxCYWNrZW5kIiwiX2F1dGhfdXNlcl9oYXNoIjoiYTdkYjA1MDkzZmUwNmU5MWI3OWJlNDIzYmIyYTgxYTg2Yjc3ZTMyYiIsIl9zZXNzaW9uX2V4cGlyeSI6MH0=", "expire_date": "2019-11-28T13:53:25.749Z"}}, {"model": "sessions.session", "pk": "6645c3wdmp74i2chrd3tx68og49z86ks", "fields": {"session_data": "NjgzZTJlZDYwOTgwOTAwNTM3NTI5YjY0OTMxNGM2MmE0ZmUxODU2Njp7Il9hdXRoX3VzZXJfaWQiOiI2IiwiX2F1dGhfdXNlcl9iYWNrZW5kIjoiZGphbmdvLmNvbnRyaWIuYXV0aC5iYWNrZW5kcy5Nb2RlbEJhY2tlbmQiLCJfYXV0aF91c2VyX2hhc2giOiIzMTNkM2U1ZmZmNTZiNGU1OTczZjRlZmExYzliMTQyNmFmNzE4MjFkIiwiX3Nlc3Npb25fZXhwaXJ5IjoxMjA5NjAwfQ==", "expire_date": "2019-11-26T08:54:06.708Z"}}, {"model": "sessions.session", "pk": "7mll2pz42etdwhu5j2qqxbsgly3jdsmr", "fields": {"session_data": "YjBhMzcwMTg0Y2NmZTRlMjgzMzQ1ODNlYWI2MWU2OTQxMTJhYjhmNzp7Il9hdXRoX3VzZXJfaWQiOiIxIiwiX2F1dGhfdXNlcl9iYWNrZW5kIjoiZGphbmdvLmNvbnRyaWIuYXV0aC5iYWNrZW5kcy5Nb2RlbEJhY2tlbmQiLCJfYXV0aF91c2VyX2hhc2giOiI2YWM3MzkwYTFiMmExMmM5OTBkNzZmMTRkMzA4ZGViNzkxYjYzODFmIiwiX3Nlc3Npb25fZXhwaXJ5IjowfQ==", "expire_date": "2019-10-12T09:09:38.470Z"}}, {"model": "sessions.session", "pk": "90fj22q80aj1gw38wrob41n4r9ofyubj", "fields": {"session_data": "ZGJlMTRlZDNiZGY1ZTBmMDJiNDJlMjY3OTI4YzNjNGMyYTgzNDQ4Mjp7Il9hdXRoX3VzZXJfaWQiOiIyIiwiX2F1dGhfdXNlcl9iYWNrZW5kIjoiZGphbmdvLmNvbnRyaWIuYXV0aC5iYWNrZW5kcy5Nb2RlbEJhY2tlbmQiLCJfYXV0aF91c2VyX2hhc2giOiI1NDRhZmNiMWZmNjZjYTFiYTc5MDNkMmViNGY5ODZjYWE0ZDJlNDdiIiwiX3Nlc3Npb25fZXhwaXJ5IjowfQ==", "expire_date": "2019-10-11T07:44:06.351Z"}}, {"model": "sessions.session", "pk": "acrvhh8ydav9e50vsr2723pqje87z4e7", "fields": {"session_data": "ZGJlMTRlZDNiZGY1ZTBmMDJiNDJlMjY3OTI4YzNjNGMyYTgzNDQ4Mjp7Il9hdXRoX3VzZXJfaWQiOiIyIiwiX2F1dGhfdXNlcl9iYWNrZW5kIjoiZGphbmdvLmNvbnRyaWIuYXV0aC5iYWNrZW5kcy5Nb2RlbEJhY2tlbmQiLCJfYXV0aF91c2VyX2hhc2giOiI1NDRhZmNiMWZmNjZjYTFiYTc5MDNkMmViNGY5ODZjYWE0ZDJlNDdiIiwiX3Nlc3Npb25fZXhwaXJ5IjowfQ==", "expire_date": "2019-11-06T10:04:55.341Z"}}, {"model": "sessions.session", "pk": "asf3sx9ruccjh3w9wj9k1idqly0tw2p1", "fields": {"session_data": "NGNjMzgyODZlODNlYzQwOTY0YzMzMmJjOTJhMzU4MDY1NWQ2NTk4ZTp7Il9hdXRoX3VzZXJfaWQiOiI4IiwiX2F1dGhfdXNlcl9iYWNrZW5kIjoiZGphbmdvLmNvbnRyaWIuYXV0aC5iYWNrZW5kcy5Nb2RlbEJhY2tlbmQiLCJfYXV0aF91c2VyX2hhc2giOiI2MTllNWYwMWI2YzdmMjkxODQ0OTk5OTE4YzUyNTA4NTg1ZmJlYmFmIiwiX3Nlc3Npb25fZXhwaXJ5IjoxMjA5NjAwfQ==", "expire_date": "2019-11-26T09:02:21.507Z"}}, {"model": "sessions.session", "pk": "br0ousf5r0y64btphw48za6jxggjv3ds", "fields": {"session_data": "YjBhMzcwMTg0Y2NmZTRlMjgzMzQ1ODNlYWI2MWU2OTQxMTJhYjhmNzp7Il9hdXRoX3VzZXJfaWQiOiIxIiwiX2F1dGhfdXNlcl9iYWNrZW5kIjoiZGphbmdvLmNvbnRyaWIuYXV0aC5iYWNrZW5kcy5Nb2RlbEJhY2tlbmQiLCJfYXV0aF91c2VyX2hhc2giOiI2YWM3MzkwYTFiMmExMmM5OTBkNzZmMTRkMzA4ZGViNzkxYjYzODFmIiwiX3Nlc3Npb25fZXhwaXJ5IjowfQ==", "expire_date": "2019-11-02T22:10:43.602Z"}}, {"model": "sessions.session", "pk": "cmw23x99difgtbqd0bk8hmjb8qab9pv2", "fields": {"session_data": "YzM3ZjJmYThlY2YyNTNhMDViZDgyMDFjNDgyMTFjZWFjNDcxOTBlNzp7Il9hdXRoX3VzZXJfaWQiOiIzIiwiX2F1dGhfdXNlcl9iYWNrZW5kIjoiZGphbmdvLmNvbnRyaWIuYXV0aC5iYWNrZW5kcy5Nb2RlbEJhY2tlbmQiLCJfYXV0aF91c2VyX2hhc2giOiI3MDlkNWVmNzg0MjBhZTFiMGI3NDExN2I4YThiZjBlYjhjYTMxMDE5IiwiX3Nlc3Npb25fZXhwaXJ5IjowfQ==", "expire_date": "2019-11-24T21:22:57.279Z"}}, {"model": "sessions.session", "pk": "cr3rzg0fhon0cidwrzwxo6tky6atj3oz", "fields": {"session_data": "YjBhMzcwMTg0Y2NmZTRlMjgzMzQ1ODNlYWI2MWU2OTQxMTJhYjhmNzp7Il9hdXRoX3VzZXJfaWQiOiIxIiwiX2F1dGhfdXNlcl9iYWNrZW5kIjoiZGphbmdvLmNvbnRyaWIuYXV0aC5iYWNrZW5kcy5Nb2RlbEJhY2tlbmQiLCJfYXV0aF91c2VyX2hhc2giOiI2YWM3MzkwYTFiMmExMmM5OTBkNzZmMTRkMzA4ZGViNzkxYjYzODFmIiwiX3Nlc3Npb25fZXhwaXJ5IjowfQ==", "expire_date": "2019-10-12T13:37:53.755Z"}}, {"model": "sessions.session", "pk": "d2yyg30isp41mc4ogade5apuu7hnd9tt", "fields": {"session_data": "YjBhMzcwMTg0Y2NmZTRlMjgzMzQ1ODNlYWI2MWU2OTQxMTJhYjhmNzp7Il9hdXRoX3VzZXJfaWQiOiIxIiwiX2F1dGhfdXNlcl9iYWNrZW5kIjoiZGphbmdvLmNvbnRyaWIuYXV0aC5iYWNrZW5kcy5Nb2RlbEJhY2tlbmQiLCJfYXV0aF91c2VyX2hhc2giOiI2YWM3MzkwYTFiMmExMmM5OTBkNzZmMTRkMzA4ZGViNzkxYjYzODFmIiwiX3Nlc3Npb25fZXhwaXJ5IjowfQ==", "expire_date": "2019-11-19T12:27:36.703Z"}}, {"model": "sessions.session", "pk": "dl2yv5jv4azfbbsp560375afe7kue1v9", "fields": {"session_data": "YjBhMzcwMTg0Y2NmZTRlMjgzMzQ1ODNlYWI2MWU2OTQxMTJhYjhmNzp7Il9hdXRoX3VzZXJfaWQiOiIxIiwiX2F1dGhfdXNlcl9iYWNrZW5kIjoiZGphbmdvLmNvbnRyaWIuYXV0aC5iYWNrZW5kcy5Nb2RlbEJhY2tlbmQiLCJfYXV0aF91c2VyX2hhc2giOiI2YWM3MzkwYTFiMmExMmM5OTBkNzZmMTRkMzA4ZGViNzkxYjYzODFmIiwiX3Nlc3Npb25fZXhwaXJ5IjowfQ==", "expire_date": "2019-11-01T05:34:37.242Z"}}, {"model": "sessions.session", "pk": "dok2q0mch0ykm05yofdtkxc7v9m0287y", "fields": {"session_data": "YjBhMzcwMTg0Y2NmZTRlMjgzMzQ1ODNlYWI2MWU2OTQxMTJhYjhmNzp7Il9hdXRoX3VzZXJfaWQiOiIxIiwiX2F1dGhfdXNlcl9iYWNrZW5kIjoiZGphbmdvLmNvbnRyaWIuYXV0aC5iYWNrZW5kcy5Nb2RlbEJhY2tlbmQiLCJfYXV0aF91c2VyX2hhc2giOiI2YWM3MzkwYTFiMmExMmM5OTBkNzZmMTRkMzA4ZGViNzkxYjYzODFmIiwiX3Nlc3Npb25fZXhwaXJ5IjowfQ==", "expire_date": "2019-10-11T06:27:22.250Z"}}, {"model": "sessions.session", "pk": "dy0ggnavx05savbvos9eqthr5nepzoaa", "fields": {"session_data": "YjBhMzcwMTg0Y2NmZTRlMjgzMzQ1ODNlYWI2MWU2OTQxMTJhYjhmNzp7Il9hdXRoX3VzZXJfaWQiOiIxIiwiX2F1dGhfdXNlcl9iYWNrZW5kIjoiZGphbmdvLmNvbnRyaWIuYXV0aC5iYWNrZW5kcy5Nb2RlbEJhY2tlbmQiLCJfYXV0aF91c2VyX2hhc2giOiI2YWM3MzkwYTFiMmExMmM5OTBkNzZmMTRkMzA4ZGViNzkxYjYzODFmIiwiX3Nlc3Npb25fZXhwaXJ5IjowfQ==", "expire_date": "2019-11-02T19:00:57.181Z"}}, {"model": "sessions.session", "pk": "e5t28s75xtzvwnmxc77epojs2hawmflx", "fields": {"session_data": "YjBhMzcwMTg0Y2NmZTRlMjgzMzQ1ODNlYWI2MWU2OTQxMTJhYjhmNzp7Il9hdXRoX3VzZXJfaWQiOiIxIiwiX2F1dGhfdXNlcl9iYWNrZW5kIjoiZGphbmdvLmNvbnRyaWIuYXV0aC5iYWNrZW5kcy5Nb2RlbEJhY2tlbmQiLCJfYXV0aF91c2VyX2hhc2giOiI2YWM3MzkwYTFiMmExMmM5OTBkNzZmMTRkMzA4ZGViNzkxYjYzODFmIiwiX3Nlc3Npb25fZXhwaXJ5IjowfQ==", "expire_date": "2019-10-14T11:54:05.707Z"}}, {"model": "sessions.session", "pk": "e69sumdwe0gszw9hirqqahmz4gtped1z", "fields": {"session_data": "YjBhMzcwMTg0Y2NmZTRlMjgzMzQ1ODNlYWI2MWU2OTQxMTJhYjhmNzp7Il9hdXRoX3VzZXJfaWQiOiIxIiwiX2F1dGhfdXNlcl9iYWNrZW5kIjoiZGphbmdvLmNvbnRyaWIuYXV0aC5iYWNrZW5kcy5Nb2RlbEJhY2tlbmQiLCJfYXV0aF91c2VyX2hhc2giOiI2YWM3MzkwYTFiMmExMmM5OTBkNzZmMTRkMzA4ZGViNzkxYjYzODFmIiwiX3Nlc3Npb25fZXhwaXJ5IjowfQ==", "expire_date": "2019-10-30T21:18:20.364Z"}}, {"model": "sessions.session", "pk": "f6z2exh2n3ug6xduxt07xej3hwzslinz", "fields": {"session_data": "ZjM0NmI5NTYyNDc1ZjNiMTMyZDEwYTgzOWU1Y2Q5YjE0OGY0OTRiYTp7Il9hdXRoX3VzZXJfaWQiOiIxMSIsIl9hdXRoX3VzZXJfYmFja2VuZCI6ImRqYW5nby5jb250cmliLmF1dGguYmFja2VuZHMuTW9kZWxCYWNrZW5kIiwiX2F1dGhfdXNlcl9oYXNoIjoiYTdkYjA1MDkzZmUwNmU5MWI3OWJlNDIzYmIyYTgxYTg2Yjc3ZTMyYiIsIl9zZXNzaW9uX2V4cGlyeSI6MH0=", "expire_date": "2019-11-26T09:21:58.075Z"}}, {"model": "sessions.session", "pk": "fdm51nuywmrdy6xal0hqcf6uujin2q99", "fields": {"session_data": "ZGJlMTRlZDNiZGY1ZTBmMDJiNDJlMjY3OTI4YzNjNGMyYTgzNDQ4Mjp7Il9hdXRoX3VzZXJfaWQiOiIyIiwiX2F1dGhfdXNlcl9iYWNrZW5kIjoiZGphbmdvLmNvbnRyaWIuYXV0aC5iYWNrZW5kcy5Nb2RlbEJhY2tlbmQiLCJfYXV0aF91c2VyX2hhc2giOiI1NDRhZmNiMWZmNjZjYTFiYTc5MDNkMmViNGY5ODZjYWE0ZDJlNDdiIiwiX3Nlc3Npb25fZXhwaXJ5IjowfQ==", "expire_date": "2019-10-11T06:47:04.565Z"}}, {"model": "sessions.session", "pk": "frix4yxq4kaxx4e76s12yboy0dcmj536", "fields": {"session_data": "ZDljMzJlZDlhYWNhNzRhMzA3Mjc0YjRmMjI2YjIyMjNmZWQ3NjExZjp7Il9hdXRoX3VzZXJfaWQiOiIxMSIsIl9hdXRoX3VzZXJfYmFja2VuZCI6ImRqYW5nby5jb250cmliLmF1dGguYmFja2VuZHMuTW9kZWxCYWNrZW5kIiwiX2F1dGhfdXNlcl9oYXNoIjoiYTdkYjA1MDkzZmUwNmU5MWI3OWJlNDIzYmIyYTgxYTg2Yjc3ZTMyYiIsIl9zZXNzaW9uX2V4cGlyeSI6MTIwOTYwMH0=", "expire_date": "2019-11-29T04:59:07.446Z"}}, {"model": "sessions.session", "pk": "g4t3tdvkclotoq7e8jbbqojdyep252cs", "fields": {"session_data": "ZDljMzJlZDlhYWNhNzRhMzA3Mjc0YjRmMjI2YjIyMjNmZWQ3NjExZjp7Il9hdXRoX3VzZXJfaWQiOiIxMSIsIl9hdXRoX3VzZXJfYmFja2VuZCI6ImRqYW5nby5jb250cmliLmF1dGguYmFja2VuZHMuTW9kZWxCYWNrZW5kIiwiX2F1dGhfdXNlcl9oYXNoIjoiYTdkYjA1MDkzZmUwNmU5MWI3OWJlNDIzYmIyYTgxYTg2Yjc3ZTMyYiIsIl9zZXNzaW9uX2V4cGlyeSI6MTIwOTYwMH0=", "expire_date": "2019-11-28T09:50:54.848Z"}}, {"model": "sessions.session", "pk": "gzsysofqegczth580juy71x1ouqmnmkk", "fields": {"session_data": "YjBhMzcwMTg0Y2NmZTRlMjgzMzQ1ODNlYWI2MWU2OTQxMTJhYjhmNzp7Il9hdXRoX3VzZXJfaWQiOiIxIiwiX2F1dGhfdXNlcl9iYWNrZW5kIjoiZGphbmdvLmNvbnRyaWIuYXV0aC5iYWNrZW5kcy5Nb2RlbEJhY2tlbmQiLCJfYXV0aF91c2VyX2hhc2giOiI2YWM3MzkwYTFiMmExMmM5OTBkNzZmMTRkMzA4ZGViNzkxYjYzODFmIiwiX3Nlc3Npb25fZXhwaXJ5IjowfQ==", "expire_date": "2019-11-10T05:25:30.532Z"}}, {"model": "sessions.session", "pk": "hsqxrbh4a1ce8ny9dgbr9j52jnusl876", "fields": {"session_data": "ZjM0NmI5NTYyNDc1ZjNiMTMyZDEwYTgzOWU1Y2Q5YjE0OGY0OTRiYTp7Il9hdXRoX3VzZXJfaWQiOiIxMSIsIl9hdXRoX3VzZXJfYmFja2VuZCI6ImRqYW5nby5jb250cmliLmF1dGguYmFja2VuZHMuTW9kZWxCYWNrZW5kIiwiX2F1dGhfdXNlcl9oYXNoIjoiYTdkYjA1MDkzZmUwNmU5MWI3OWJlNDIzYmIyYTgxYTg2Yjc3ZTMyYiIsIl9zZXNzaW9uX2V4cGlyeSI6MH0=", "expire_date": "2019-11-26T11:09:17.794Z"}}, {"model": "sessions.session", "pk": "ia4b8svqzqx5d9s9sn37lhuv4d6f4g47", "fields": {"session_data": "YjBhMzcwMTg0Y2NmZTRlMjgzMzQ1ODNlYWI2MWU2OTQxMTJhYjhmNzp7Il9hdXRoX3VzZXJfaWQiOiIxIiwiX2F1dGhfdXNlcl9iYWNrZW5kIjoiZGphbmdvLmNvbnRyaWIuYXV0aC5iYWNrZW5kcy5Nb2RlbEJhY2tlbmQiLCJfYXV0aF91c2VyX2hhc2giOiI2YWM3MzkwYTFiMmExMmM5OTBkNzZmMTRkMzA4ZGViNzkxYjYzODFmIiwiX3Nlc3Npb25fZXhwaXJ5IjowfQ==", "expire_date": "2019-10-12T15:03:12.276Z"}}, {"model": "sessions.session", "pk": "mbpf0ffdi3rv0g2woko6dj8ttl4rptvp", "fields": {"session_data": "MGVmM2FmZmM1NDRkNDFhNzhlMmEzYWRhNjU1MGEyMDk2Y2U4YmJkNzp7Il9hdXRoX3VzZXJfaWQiOiIxIiwiX2F1dGhfdXNlcl9iYWNrZW5kIjoiZGphbmdvLmNvbnRyaWIuYXV0aC5iYWNrZW5kcy5Nb2RlbEJhY2tlbmQiLCJfYXV0aF91c2VyX2hhc2giOiI2YWM3MzkwYTFiMmExMmM5OTBkNzZmMTRkMzA4ZGViNzkxYjYzODFmIn0=", "expire_date": "2019-11-26T08:22:12.051Z"}}, {"model": "sessions.session", "pk": "mqfeoly28bh4v6zejuskvo6utilzufgx", "fields": {"session_data": "ZDY5MzI4NjJmNTk5ZTc1OTNhOTM0NjY5YTg1ZTM3ZjIxYzA0NWZiZDp7Il9hdXRoX3VzZXJfaWQiOiIxMCIsIl9hdXRoX3VzZXJfYmFja2VuZCI6ImRqYW5nby5jb250cmliLmF1dGguYmFja2VuZHMuTW9kZWxCYWNrZW5kIiwiX2F1dGhfdXNlcl9oYXNoIjoiMDJmZWMzYzA0NDE4ZmM5YTIyZjVhZWY4ODAyYmI1ZTQ3NzgyOGJhYSIsIl9zZXNzaW9uX2V4cGlyeSI6MH0=", "expire_date": "2019-11-26T09:12:45.220Z"}}, {"model": "sessions.session", "pk": "nby5k2b8lj7myagkr3oawgf2rur0ql1y", "fields": {"session_data": "NDQyZWFiNTE0ZmUyMTBjMDAzMTQ1ZjE3YWUyYWNiZGVlMjMyNzgyZjp7Il9hdXRoX3VzZXJfaWQiOiIxIiwiX2F1dGhfdXNlcl9iYWNrZW5kIjoiZGphbmdvLmNvbnRyaWIuYXV0aC5iYWNrZW5kcy5Nb2RlbEJhY2tlbmQiLCJfYXV0aF91c2VyX2hhc2giOiJlNGRlNzA0NzU3MDQzNTdkZmYzNjYxMmUzNmJiYzJkNGU5MjZiN2IwIiwiX3Nlc3Npb25fZXhwaXJ5IjowfQ==", "expire_date": "2019-10-10T21:25:20.518Z"}}, {"model": "sessions.session", "pk": "o5k6gry6p0w5rmyrj5r3ip2mpyopa06n", "fields": {"session_data": "ZGJlMTRlZDNiZGY1ZTBmMDJiNDJlMjY3OTI4YzNjNGMyYTgzNDQ4Mjp7Il9hdXRoX3VzZXJfaWQiOiIyIiwiX2F1dGhfdXNlcl9iYWNrZW5kIjoiZGphbmdvLmNvbnRyaWIuYXV0aC5iYWNrZW5kcy5Nb2RlbEJhY2tlbmQiLCJfYXV0aF91c2VyX2hhc2giOiI1NDRhZmNiMWZmNjZjYTFiYTc5MDNkMmViNGY5ODZjYWE0ZDJlNDdiIiwiX3Nlc3Npb25fZXhwaXJ5IjowfQ==", "expire_date": "2019-11-06T10:02:47.750Z"}}, {"model": "sessions.session", "pk": "rb5dzo92f1cy0yx24o307eera1i1vabg", "fields": {"session_data": "YjBhMzcwMTg0Y2NmZTRlMjgzMzQ1ODNlYWI2MWU2OTQxMTJhYjhmNzp7Il9hdXRoX3VzZXJfaWQiOiIxIiwiX2F1dGhfdXNlcl9iYWNrZW5kIjoiZGphbmdvLmNvbnRyaWIuYXV0aC5iYWNrZW5kcy5Nb2RlbEJhY2tlbmQiLCJfYXV0aF91c2VyX2hhc2giOiI2YWM3MzkwYTFiMmExMmM5OTBkNzZmMTRkMzA4ZGViNzkxYjYzODFmIiwiX3Nlc3Npb25fZXhwaXJ5IjowfQ==", "expire_date": "2019-10-10T22:15:47.140Z"}}, {"model": "sessions.session", "pk": "s4bqo5bwdzk2japc10rx6pgf04d6a3sm", "fields": {"session_data": "NzM0MmI5ZjRjYjY2MmE0MGZiNTNlYjhlMzAwZDE1MjUxZjE2MmNmMzp7Il9hdXRoX3VzZXJfaWQiOiIxMiIsIl9hdXRoX3VzZXJfYmFja2VuZCI6ImRqYW5nby5jb250cmliLmF1dGguYmFja2VuZHMuTW9kZWxCYWNrZW5kIiwiX2F1dGhfdXNlcl9oYXNoIjoiM2UyMzI3YzdlZDhkOWQ2ODc2NWNlYzNlNjM0MTE2NTIzMDExZDQ1MiIsIl9zZXNzaW9uX2V4cGlyeSI6MH0=", "expire_date": "2019-11-26T08:58:36.413Z"}}, {"model": "sessions.session", "pk": "t2f5hsio0gil0gtgcsxnc06jbea6vyzc", "fields": {"session_data": "YzM3ZjJmYThlY2YyNTNhMDViZDgyMDFjNDgyMTFjZWFjNDcxOTBlNzp7Il9hdXRoX3VzZXJfaWQiOiIzIiwiX2F1dGhfdXNlcl9iYWNrZW5kIjoiZGphbmdvLmNvbnRyaWIuYXV0aC5iYWNrZW5kcy5Nb2RlbEJhY2tlbmQiLCJfYXV0aF91c2VyX2hhc2giOiI3MDlkNWVmNzg0MjBhZTFiMGI3NDExN2I4YThiZjBlYjhjYTMxMDE5IiwiX3Nlc3Npb25fZXhwaXJ5IjowfQ==", "expire_date": "2019-10-11T11:29:46.767Z"}}, {"model": "sessions.session", "pk": "tg15g59kubdmoe1vd2nuhvppab0povr3", "fields": {"session_data": "YjBhMzcwMTg0Y2NmZTRlMjgzMzQ1ODNlYWI2MWU2OTQxMTJhYjhmNzp7Il9hdXRoX3VzZXJfaWQiOiIxIiwiX2F1dGhfdXNlcl9iYWNrZW5kIjoiZGphbmdvLmNvbnRyaWIuYXV0aC5iYWNrZW5kcy5Nb2RlbEJhY2tlbmQiLCJfYXV0aF91c2VyX2hhc2giOiI2YWM3MzkwYTFiMmExMmM5OTBkNzZmMTRkMzA4ZGViNzkxYjYzODFmIiwiX3Nlc3Npb25fZXhwaXJ5IjowfQ==", "expire_date": "2019-10-11T07:39:16.202Z"}}, {"model": "sessions.session", "pk": "tsu8gbxgu496tleg90efrrqzkdctyvvl", "fields": {"session_data": "ZGJlMTRlZDNiZGY1ZTBmMDJiNDJlMjY3OTI4YzNjNGMyYTgzNDQ4Mjp7Il9hdXRoX3VzZXJfaWQiOiIyIiwiX2F1dGhfdXNlcl9iYWNrZW5kIjoiZGphbmdvLmNvbnRyaWIuYXV0aC5iYWNrZW5kcy5Nb2RlbEJhY2tlbmQiLCJfYXV0aF91c2VyX2hhc2giOiI1NDRhZmNiMWZmNjZjYTFiYTc5MDNkMmViNGY5ODZjYWE0ZDJlNDdiIiwiX3Nlc3Npb25fZXhwaXJ5IjowfQ==", "expire_date": "2019-11-17T12:08:54.650Z"}}, {"model": "sessions.session", "pk": "v647k24n942ikycb7dcebqtwzf3w86mc", "fields": {"session_data": "YjBhMzcwMTg0Y2NmZTRlMjgzMzQ1ODNlYWI2MWU2OTQxMTJhYjhmNzp7Il9hdXRoX3VzZXJfaWQiOiIxIiwiX2F1dGhfdXNlcl9iYWNrZW5kIjoiZGphbmdvLmNvbnRyaWIuYXV0aC5iYWNrZW5kcy5Nb2RlbEJhY2tlbmQiLCJfYXV0aF91c2VyX2hhc2giOiI2YWM3MzkwYTFiMmExMmM5OTBkNzZmMTRkMzA4ZGViNzkxYjYzODFmIiwiX3Nlc3Npb25fZXhwaXJ5IjowfQ==", "expire_date": "2019-11-22T07:11:17.933Z"}}, {"model": "sessions.session", "pk": "vubxatvijfrvdh8zwaluho8wlk074rw2", "fields": {"session_data": "ZjM0NmI5NTYyNDc1ZjNiMTMyZDEwYTgzOWU1Y2Q5YjE0OGY0OTRiYTp7Il9hdXRoX3VzZXJfaWQiOiIxMSIsIl9hdXRoX3VzZXJfYmFja2VuZCI6ImRqYW5nby5jb250cmliLmF1dGguYmFja2VuZHMuTW9kZWxCYWNrZW5kIiwiX2F1dGhfdXNlcl9oYXNoIjoiYTdkYjA1MDkzZmUwNmU5MWI3OWJlNDIzYmIyYTgxYTg2Yjc3ZTMyYiIsIl9zZXNzaW9uX2V4cGlyeSI6MH0=", "expire_date": "2019-11-29T15:50:35.353Z"}}, {"model": "sessions.session", "pk": "w11gx5x9s682wwye7uc36ugwpqx01r9e", "fields": {"session_data": "NTUyYjM5MzgwMTEzYzc0MTkzYTZhNDFkZGUxMGRmZTc4NmNhNDFlNDp7Il9hdXRoX3VzZXJfaWQiOiI1IiwiX2F1dGhfdXNlcl9iYWNrZW5kIjoiZGphbmdvLmNvbnRyaWIuYXV0aC5iYWNrZW5kcy5Nb2RlbEJhY2tlbmQiLCJfYXV0aF91c2VyX2hhc2giOiIwZmYxNTg2YjViNzQ2YWQzOWM4YWVjYWFmMGQwNzcwNzc0OGZjMTBmIiwiX3Nlc3Npb25fZXhwaXJ5IjowfQ==", "expire_date": "2019-11-20T18:04:01.068Z"}}, {"model": "sessions.session", "pk": "w7lq6w8h5pyoa7b1xbmvwlenvfkgahyb", "fields": {"session_data": "YWRmYTg5NTIxMzBjYzNmMjE3OTgxMDAwOGMyY2I0MDg2MjkwNDc3Yjp7Il9hdXRoX3VzZXJfaWQiOiIxIiwiX2F1dGhfdXNlcl9iYWNrZW5kIjoiZGphbmdvLmNvbnRyaWIuYXV0aC5iYWNrZW5kcy5Nb2RlbEJhY2tlbmQiLCJfYXV0aF91c2VyX2hhc2giOiI2YWM3MzkwYTFiMmExMmM5OTBkNzZmMTRkMzA4ZGViNzkxYjYzODFmIiwiX3Nlc3Npb25fZXhwaXJ5IjoxMjA5NjAwfQ==", "expire_date": "2019-11-18T10:25:44.497Z"}}, {"model": "sessions.session", "pk": "wv8a9l8a5h1m9cppf034ftafkmrk97ac", "fields": {"session_data": "YjBhMzcwMTg0Y2NmZTRlMjgzMzQ1ODNlYWI2MWU2OTQxMTJhYjhmNzp7Il9hdXRoX3VzZXJfaWQiOiIxIiwiX2F1dGhfdXNlcl9iYWNrZW5kIjoiZGphbmdvLmNvbnRyaWIuYXV0aC5iYWNrZW5kcy5Nb2RlbEJhY2tlbmQiLCJfYXV0aF91c2VyX2hhc2giOiI2YWM3MzkwYTFiMmExMmM5OTBkNzZmMTRkMzA4ZGViNzkxYjYzODFmIiwiX3Nlc3Npb25fZXhwaXJ5IjowfQ==", "expire_date": "2019-11-17T19:37:09.043Z"}}, {"model": "sessions.session", "pk": "xovpt7sm4pz00qukxjayiabq55zb8pz1", "fields": {"session_data": "ZGJlMTRlZDNiZGY1ZTBmMDJiNDJlMjY3OTI4YzNjNGMyYTgzNDQ4Mjp7Il9hdXRoX3VzZXJfaWQiOiIyIiwiX2F1dGhfdXNlcl9iYWNrZW5kIjoiZGphbmdvLmNvbnRyaWIuYXV0aC5iYWNrZW5kcy5Nb2RlbEJhY2tlbmQiLCJfYXV0aF91c2VyX2hhc2giOiI1NDRhZmNiMWZmNjZjYTFiYTc5MDNkMmViNGY5ODZjYWE0ZDJlNDdiIiwiX3Nlc3Npb25fZXhwaXJ5IjowfQ==", "expire_date": "2019-10-31T06:36:00.935Z"}}, {"model": "sessions.session", "pk": "z40e8f6mq8shesndkzdl8mnwu0zaamtn", "fields": {"session_data": "YWRmYTg5NTIxMzBjYzNmMjE3OTgxMDAwOGMyY2I0MDg2MjkwNDc3Yjp7Il9hdXRoX3VzZXJfaWQiOiIxIiwiX2F1dGhfdXNlcl9iYWNrZW5kIjoiZGphbmdvLmNvbnRyaWIuYXV0aC5iYWNrZW5kcy5Nb2RlbEJhY2tlbmQiLCJfYXV0aF91c2VyX2hhc2giOiI2YWM3MzkwYTFiMmExMmM5OTBkNzZmMTRkMzA4ZGViNzkxYjYzODFmIiwiX3Nlc3Npb25fZXhwaXJ5IjoxMjA5NjAwfQ==", "expire_date": "2019-11-27T21:46:57.897Z"}}, {"model": "sessions.session", "pk": "zke4jx82s5oih063c8q3qx5zj5pmui19", "fields": {"session_data": "YjBhMzcwMTg0Y2NmZTRlMjgzMzQ1ODNlYWI2MWU2OTQxMTJhYjhmNzp7Il9hdXRoX3VzZXJfaWQiOiIxIiwiX2F1dGhfdXNlcl9iYWNrZW5kIjoiZGphbmdvLmNvbnRyaWIuYXV0aC5iYWNrZW5kcy5Nb2RlbEJhY2tlbmQiLCJfYXV0aF91c2VyX2hhc2giOiI2YWM3MzkwYTFiMmExMmM5OTBkNzZmMTRkMzA4ZGViNzkxYjYzODFmIiwiX3Nlc3Npb25fZXhwaXJ5IjowfQ==", "expire_date": "2019-11-29T11:15:48.319Z"}}, {"model": "sites.site", "pk": 1, "fields": {"domain": "example.com", "name": "example.com"}}, {"model": "question.question", "pk": 1, "fields": {"exam": 1, "explanation": "explanation to question no 2", "text": "exam question no 2", "category": "Category1", "sub_category": ""}}, {"model": "question.question", "pk": 2, "fields": {"exam": 1, "explanation": "explanation to question no 3", "text": "exam question no 3", "category": "Category1", "sub_category": ""}}, {"model": "question.question", "pk": 3, "fields": {"exam": 1, "explanation": "explanation to question no 4", "text": "exam question no 4", "category": "Category1", "sub_category": ""}}, {"model": "question.question", "pk": 4, "fields": {"exam": 1, "explanation": "explanation to question no 5", "text": "exam question no 5", "category": "Category1", "sub_category": ""}}, {"model": "question.question", "pk": 5, "fields": {"exam": 1, "explanation": "explanation to question no 6", "text": "exam question no 6", "category": "Category1", "sub_category": ""}}, {"model": "question.question", "pk": 6, "fields": {"exam": 1, "explanation": "explanation to question no 7", "text": "exam question no 7", "category": "Category1", "sub_category": ""}}, {"model": "question.question", "pk": 7, "fields": {"exam": 1, "explanation": "explanation to question no 8", "text": "exam question no 8", "category": "Category1", "sub_category": ""}}, {"model": "question.question", "pk": 8, "fields": {"exam": 1, "explanation": "explanation to question no 9", "text": "exam question no 9", "category": "Category1", "sub_category": ""}}, {"model": "question.question", "pk": 9, "fields": {"exam": 1, "explanation": "explanation to question no 10", "text": "exam question no 10", "category": "Category1", "sub_category": ""}}, {"model": "question.question", "pk": 10, "fields": {"exam": 1, "explanation": "explanation to question no 11", "text": "exam question no 11", "category": "Category1", "sub_category": ""}}, {"model": "question.question", "pk": 11, "fields": {"exam": 1, "explanation": "explanation to question no 12", "text": "exam question no 12", "category": "Category1", "sub_category": ""}}, {"model": "question.question", "pk": 12, "fields": {"exam": 1, "explanation": "explanation to question no 13", "text": "exam question no 13", "category": "Category1", "sub_category": ""}}, {"model": "question.question", "pk": 13, "fields": {"exam": 1, "explanation": "explanation to question no 14", "text": "exam question no 14", "category": "Category1", "sub_category": ""}}, {"model": "question.question", "pk": 14, "fields": {"exam": 1, "explanation": "explanation to question no 15", "text": "exam question no 15", "category": "Category1", "sub_category": ""}}, {"model": "question.question", "pk": 15, "fields": {"exam": 1, "explanation": "explanation to question no 16", "text": "exam question no 16", "category": "Category1", "sub_category": ""}}, {"model": "question.question", "pk": 16, "fields": {"exam": 1, "explanation": "explanation to question no 17", "text": "exam question no 17", "category": "Category1", "sub_category": ""}}, {"model": "question.question", "pk": 17, "fields": {"exam": 1, "explanation": "explanation to question no 18", "text": "exam question no 18", "category": "Category1", "sub_category": ""}}, {"model": "question.question", "pk": 18, "fields": {"exam": 1, "explanation": "explanation to question no 19", "text": "exam question no 19", "category": "Category1", "sub_category": ""}}, {"model": "question.question", "pk": 19, "fields": {"exam": 1, "explanation": "explanation to question no 20", "text": "exam question no 20", "category": "Category1", "sub_category": ""}}, {"model": "question.question", "pk": 20, "fields": {"exam": 1, "explanation": "explanation to question no 21", "text": "exam question no 21", "category": "Category1", "sub_category": ""}}, {"model": "question.question", "pk": 21, "fields": {"exam": 1, "explanation": "explanation to question no 22", "text": "exam question no 22", "category": "Category1", "sub_category": ""}}, {"model": "question.question", "pk": 22, "fields": {"exam": 1, "explanation": "explanation to question no 23", "text": "exam question no 23", "category": "Category1", "sub_category": ""}}, {"model": "question.question", "pk": 23, "fields": {"exam": 1, "explanation": "explanation to question no 24", "text": "exam question no 24", "category": "Category1", "sub_category": ""}}, {"model": "question.question", "pk": 24, "fields": {"exam": 1, "explanation": "explanation to question no 25", "text": "exam question no 25", "category": "Category1", "sub_category": ""}}, {"model": "question.question", "pk": 25, "fields": {"exam": 1, "explanation": "explanation to question no 26", "text": "exam question no 26", "category": "Category1", "sub_category": ""}}, {"model": "question.question", "pk": 26, "fields": {"exam": 1, "explanation": "explanation to question no 27", "text": "exam question no 27", "category": "Category1", "sub_category": ""}}, {"model": "question.question", "pk": 27, "fields": {"exam": 1, "explanation": "explanation to question no 28", "text": "exam question no 28", "category": "Category1", "sub_category": ""}}, {"model": "question.question", "pk": 28, "fields": {"exam": 1, "explanation": "explanation to question no 29", "text": "exam question no 29", "category": "Category1", "sub_category": ""}}, {"model": "question.question", "pk": 29, "fields": {"exam": 1, "explanation": "explanation to question no 30", "text": "exam question no 30", "category": "Category1", "sub_category": ""}}, {"model": "question.question", "pk": 30, "fields": {"exam": 1, "explanation": "explanation to question no 31", "text": "exam question no 31", "category": "Category1", "sub_category": ""}}, {"model": "question.question", "pk": 31, "fields": {"exam": 1, "explanation": "explanation to question no 32", "text": "exam question no 32", "category": "Category1", "sub_category": ""}}, {"model": "question.question", "pk": 32, "fields": {"exam": 1, "explanation": "explanation to question no 33", "text": "exam question no 33", "category": "Category1", "sub_category": ""}}, {"model": "question.question", "pk": 33, "fields": {"exam": 1, "explanation": "explanation to question no 34", "text": "exam question no 34", "category": "Category1", "sub_category": ""}}, {"model": "question.question", "pk": 84, "fields": {"exam": 3, "explanation": "explanation to question no 2", "text": "exam question no 2", "category": "Category1", "sub_category": ""}}, {"model": "question.question", "pk": 85, "fields": {"exam": 3, "explanation": "explanation to question no 3", "text": "exam question no 3", "category": "Category1", "sub_category": ""}}, {"model": "question.question", "pk": 86, "fields": {"exam": 3, "explanation": "explanation to question no 4", "text": "exam question no 4", "category": "Category1", "sub_category": ""}}, {"model": "question.question", "pk": 87, "fields": {"exam": 3, "explanation": "explanation to question no 5", "text": "exam question no 5", "category": "Category1", "sub_category": ""}}, {"model": "question.question", "pk": 88, "fields": {"exam": 3, "explanation": "explanation to question no 6", "text": "exam question no 6", "category": "Category1", "sub_category": ""}}, {"model": "question.question", "pk": 89, "fields": {"exam": 3, "explanation": "explanation to question no 7", "text": "exam question no 7", "category": "Category1", "sub_category": ""}}, {"model": "question.question", "pk": 90, "fields": {"exam": 3, "explanation": "explanation to question no 8", "text": "exam question no 8", "category": "Category1", "sub_category": ""}}, {"model": "question.question", "pk": 91, "fields": {"exam": 3, "explanation": "explanation to question no 9", "text": "exam question no 9", "category": "Category1", "sub_category": ""}}, {"model": "question.question", "pk": 92, "fields": {"exam": 3, "explanation": "explanation to question no 10", "text": "exam question no 10", "category": "Category1", "sub_category": ""}}, {"model": "question.question", "pk": 93, "fields": {"exam": 3, "explanation": "explanation to question no 11", "text": "exam question no 11", "category": "Category1", "sub_category": ""}}, {"model": "question.question", "pk": 94, "fields": {"exam": 3, "explanation": "explanation to question no 12", "text": "exam question no 12", "category": "Category1", "sub_category": ""}}, {"model": "question.question", "pk": 95, "fields": {"exam": 3, "explanation": "explanation to question no 13", "text": "exam question no 13", "category": "Category1", "sub_category": ""}}, {"model": "question.question", "pk": 96, "fields": {"exam": 3, "explanation": "explanation to question no 14", "text": "exam question no 14", "category": "Category1", "sub_category": ""}}, {"model": "question.question", "pk": 97, "fields": {"exam": 3, "explanation": "explanation to question no 15", "text": "exam question no 15", "category": "Category1", "sub_category": ""}}, {"model": "question.question", "pk": 98, "fields": {"exam": 3, "explanation": "explanation to question no 16", "text": "exam question no 16", "category": "Category1", "sub_category": ""}}, {"model": "question.question", "pk": 99, "fields": {"exam": 3, "explanation": "explanation to question no 17", "text": "exam question no 17", "category": "Category1", "sub_category": ""}}, {"model": "question.question", "pk": 100, "fields": {"exam": 3, "explanation": "explanation to question no 18", "text": "exam question no 18", "category": "Category1", "sub_category": ""}}, {"model": "question.question", "pk": 101, "fields": {"exam": 3, "explanation": "explanation to question no 19", "text": "exam question no 19", "category": "Category1", "sub_category": ""}}, {"model": "question.question", "pk": 102, "fields": {"exam": 3, "explanation": "explanation to question no 20", "text": "exam question no 20", "category": "Category1", "sub_category": ""}}, {"model": "question.question", "pk": 103, "fields": {"exam": 3, "explanation": "explanation to question no 21", "text": "exam question no 21", "category": "Category1", "sub_category": ""}}, {"model": "question.question", "pk": 104, "fields": {"exam": 3, "explanation": "explanation to question no 22", "text": "exam question no 22", "category": "Category1", "sub_category": ""}}, {"model": "question.question", "pk": 105, "fields": {"exam": 3, "explanation": "explanation to question no 23", "text": "exam question no 23", "category": "Category1", "sub_category": ""}}, {"model": "question.question", "pk": 106, "fields": {"exam": 3, "explanation": "explanation to question no 24", "text": "exam question no 24", "category": "Category1", "sub_category": ""}}, {"model": "question.question", "pk": 107, "fields": {"exam": 3, "explanation": "explanation to question no 25", "text": "exam question no 25", "category": "Category1", "sub_category": ""}}, {"model": "question.question", "pk": 108, "fields": {"exam": 3, "explanation": "explanation to question no 26", "text": "exam question no 26", "category": "Category1", "sub_category": ""}}, {"model": "question.question", "pk": 109, "fields": {"exam": 3, "explanation": "explanation to question no 27", "text": "exam question no 27", "category": "Category1", "sub_category": ""}}, {"model": "question.question", "pk": 110, "fields": {"exam": 3, "explanation": "explanation to question no 28", "text": "exam question no 28", "category": "Category1", "sub_category": ""}}, {"model": "question.question", "pk": 111, "fields": {"exam": 3, "explanation": "explanation to question no 29", "text": "exam question no 29", "category": "Category1", "sub_category": ""}}, {"model": "question.question", "pk": 112, "fields": {"exam": 3, "explanation": "explanation to question no 30", "text": "exam question no 30", "category": "Category1", "sub_category": ""}}, {"model": "question.question", "pk": 113, "fields": {"exam": 3, "explanation": "explanation to question no 31", "text": "exam question no 31", "category": "Category1", "sub_category": ""}}, {"model": "question.question", "pk": 114, "fields": {"exam": 3, "explanation": "explanation to question no 32", "text": "exam question no 32", "category": "Category1", "sub_category": ""}}, {"model": "question.question", "pk": 115, "fields": {"exam": 3, "explanation": "explanation to question no 33", "text": "exam question no 33", "category": "Category1", "sub_category": ""}}, {"model": "question.question", "pk": 116, "fields": {"exam": 3, "explanation": "explanation to question no 34", "text": "exam question no 34", "category": "Category1", "sub_category": ""}}, {"model": "question.question", "pk": 117, "fields": {"exam": 3, "explanation": "explanation to question no 35", "text": "exam question no 35", "category": "Category1", "sub_category": ""}}, {"model": "question.question", "pk": 118, "fields": {"exam": 3, "explanation": "explanation to question no 36", "text": "exam question no 36", "category": "Category1", "sub_category": ""}}, {"model": "question.question", "pk": 119, "fields": {"exam": 3, "explanation": "explanation to question no 37", "text": "exam question no 37", "category": "Category1", "sub_category": ""}}, {"model": "question.question", "pk": 120, "fields": {"exam": 3, "explanation": "explanation to question no 38", "text": "exam question no 38", "category": "Category1", "sub_category": ""}}, {"model": "question.question", "pk": 121, "fields": {"exam": 3, "explanation": "explanation to question no 39", "text": "exam question no 39", "category": "Category1", "sub_category": ""}}, {"model": "question.question", "pk": 122, "fields": {"exam": 3, "explanation": "explanation to question no 40", "text": "exam question no 40", "category": "Category1", "sub_category": ""}}, {"model": "question.question", "pk": 123, "fields": {"exam": 3, "explanation": "explanation to question no 41", "text": "exam question no 41", "category": "Category1", "sub_category": ""}}, {"model": "question.question", "pk": 124, "fields": {"exam": 3, "explanation": "explanation to question no 42", "text": "exam question no 42", "category": "Category1", "sub_category": ""}}, {"model": "question.question", "pk": 125, "fields": {"exam": 3, "explanation": "explanation to question no 43", "text": "exam question no 43", "category": "Category1", "sub_category": ""}}, {"model": "question.question", "pk": 126, "fields": {"exam": 3, "explanation": "explanation to question no 44", "text": "exam question no 44", "category": "Category1", "sub_category": ""}}, {"model": "question.question", "pk": 127, "fields": {"exam": 3, "explanation": "explanation to question no 45", "text": "exam question no 45", "category": "Category1", "sub_category": ""}}, {"model": "question.question", "pk": 128, "fields": {"exam": 3, "explanation": "explanation to question no 46", "text": "exam question no 46", "category": "Category1", "sub_category": ""}}, {"model": "question.question", "pk": 129, "fields": {"exam": 3, "explanation": "explanation to question no 47", "text": "exam question no 47", "category": "Category1", "sub_category": ""}}, {"model": "question.question", "pk": 130, "fields": {"exam": 3, "explanation": "explanation to question no 48", "text": "exam question no 48", "category": "Category1", "sub_category": ""}}, {"model": "question.question", "pk": 131, "fields": {"exam": 3, "explanation": "explanation to question no 49", "text": "exam question no 49", "category": "Category1", "sub_category": ""}}, {"model": "question.question", "pk": 132, "fields": {"exam": 3, "explanation": "explanation to question no 50", "text": "exam question no 50", "category": "Category1", "sub_category": ""}}, {"model": "question.question", "pk": 149, "fields": {"exam": 5, "explanation": "explanation to question no 1", "text": "ELEARNING1 question no 1", "category": "Category1", "sub_category": ""}}, {"model": "question.question", "pk": 150, "fields": {"exam": 5, "explanation": "explanation to question no 2", "text": "ELEARNING1 question no 2", "category": "Category1", "sub_category": ""}}, {"model": "question.question", "pk": 151, "fields": {"exam": 5, "explanation": "explanation to question no 3", "text": "ELEARNING1 question no 3", "category": "Category1", "sub_category": ""}}, {"model": "question.question", "pk": 152, "fields": {"exam": 5, "explanation": "explanation to question no 4", "text": "ELEARNING1 question no 4", "category": "Category1", "sub_category": ""}}, {"model": "question.question", "pk": 153, "fields": {"exam": 5, "explanation": "explanation to question no 5", "text": "ELEARNING1 question no 5", "category": "Category1", "sub_category": ""}}, {"model": "question.question", "pk": 154, "fields": {"exam": 5, "explanation": "explanation to question no 6", "text": "ELEARNING1 question no 6", "category": "Category1", "sub_category": ""}}, {"model": "question.question", "pk": 155, "fields": {"exam": 5, "explanation": "explanation to question no 7", "text": "ELEARNING1 question no 7", "category": "Category1", "sub_category": ""}}, {"model": "question.question", "pk": 156, "fields": {"exam": 5, "explanation": "explanation to question no 8", "text": "ELEARNING1 question no 8", "category": "Category1", "sub_category": ""}}, {"model": "question.question", "pk": 157, "fields": {"exam": 5, "explanation": "explanation to question no 9", "text": "ELEARNING1 question no 9", "category": "Category1", "sub_category": ""}}, {"model": "question.question", "pk": 158, "fields": {"exam": 5, "explanation": "explanation to question no 10", "text": "ELEARNING1 question no 10", "category": "Category1", "sub_category": ""}}, {"model": "question.question", "pk": 159, "fields": {"exam": 5, "explanation": "explanation to question no 11", "text": "ELEARNING1 question no 11", "category": "Category1", "sub_category": ""}}, {"model": "question.question", "pk": 160, "fields": {"exam": 5, "explanation": "explanation to question no 12", "text": "ELEARNING1 question no 12", "category": "Category1", "sub_category": ""}}, {"model": "question.question", "pk": 161, "fields": {"exam": 5, "explanation": "explanation to question no 13", "text": "ELEARNING1 question no 13", "category": "Category1", "sub_category": ""}}, {"model": "question.question", "pk": 162, "fields": {"exam": 5, "explanation": "explanation to question no 14", "text": "ELEARNING1 question no 14", "category": "Category1", "sub_category": ""}}, {"model": "question.question", "pk": 163, "fields": {"exam": 5, "explanation": "explanation to question no 15", "text": "ELEARNING1 question no 15", "category": "Category1", "sub_category": ""}}, {"model": "question.question", "pk": 164, "fields": {"exam": 5, "explanation": "explanation to question no 16", "text": "ELEARNING1 question no 16", "category": "Category1", "sub_category": ""}}, {"model": "question.question", "pk": 165, "fields": {"exam": 6, "explanation": "explanation to question no 1", "text": "ELEARNING2 question no 1", "category": "Category1", "sub_category": ""}}, {"model": "question.question", "pk": 166, "fields": {"exam": 6, "explanation": "explanation to question no 2", "text": "ELEARNING2 question no 2", "category": "Category1", "sub_category": ""}}, {"model": "question.question", "pk": 167, "fields": {"exam": 6, "explanation": "explanation to question no 3", "text": "ELEARNING2 question no 3", "category": "Category1", "sub_category": ""}}, {"model": "question.question", "pk": 168, "fields": {"exam": 6, "explanation": "explanation to question no 4", "text": "ELEARNING2 question no 4", "category": "Category1", "sub_category": ""}}, {"model": "question.question", "pk": 169, "fields": {"exam": 6, "explanation": "explanation to question no 5", "text": "ELEARNING2 question no 5", "category": "Category1", "sub_category": ""}}, {"model": "question.question", "pk": 170, "fields": {"exam": 6, "explanation": "explanation to question no 6", "text": "ELEARNING2 question no 6", "category": "Category1", "sub_category": ""}}, {"model": "question.question", "pk": 171, "fields": {"exam": 6, "explanation": "explanation to question no 7", "text": "ELEARNING2 question no 7", "category": "Category1", "sub_category": ""}}, {"model": "question.question", "pk": 172, "fields": {"exam": 6, "explanation": "explanation to question no 8", "text": "ELEARNING2 question no 8", "category": "Category1", "sub_category": ""}}, {"model": "question.question", "pk": 173, "fields": {"exam": 6, "explanation": "explanation to question no 9", "text": "ELEARNING2 question no 9", "category": "Category1", "sub_category": ""}}, {"model": "question.question", "pk": 174, "fields": {"exam": 6, "explanation": "explanation to question no 10", "text": "ELEARNING2 question no 10", "category": "Category1", "sub_category": ""}}, {"model": "question.question", "pk": 175, "fields": {"exam": 6, "explanation": "explanation to question no 11", "text": "ELEARNING2 question no 11", "category": "Category1", "sub_category": ""}}, {"model": "question.question", "pk": 176, "fields": {"exam": 6, "explanation": "explanation to question no 12", "text": "ELEARNING2 question no 12", "category": "Category1", "sub_category": ""}}, {"model": "question.question", "pk": 177, "fields": {"exam": 6, "explanation": "explanation to question no 13", "text": "ELEARNING2 question no 13", "category": "Category1", "sub_category": ""}}, {"model": "question.question", "pk": 178, "fields": {"exam": 6, "explanation": "explanation to question no 14", "text": "ELEARNING2 question no 14", "category": "Category1", "sub_category": ""}}, {"model": "question.question", "pk": 179, "fields": {"exam": 6, "explanation": "explanation to question no 15", "text": "ELEARNING2 question no 15", "category": "Category1", "sub_category": ""}}, {"model": "question.question", "pk": 180, "fields": {"exam": 6, "explanation": "explanation to question no 16", "text": "ELEARNING2 question no 16", "category": "Category1", "sub_category": ""}}, {"model": "question.question", "pk": 181, "fields": {"exam": 7, "explanation": "", "text": "slide (1).jpg", "category": "ELEARNING1", "sub_category": ""}}, {"model": "question.question", "pk": 182, "fields": {"exam": 8, "explanation": "", "text": "slide (2).jpg", "category": "ELEARNING1", "sub_category": ""}}, {"model": "question.question", "pk": 183, "fields": {"exam": 9, "explanation": "", "text": "slide (3).jpg", "category": "ELEARNING1", "sub_category": ""}}, {"model": "question.question", "pk": 184, "fields": {"exam": 10, "explanation": "", "text": "slide (4).jpg", "category": "ELEARNING1", "sub_category": ""}}, {"model": "question.question", "pk": 185, "fields": {"exam": 11, "explanation": "", "text": "slide (5).jpg", "category": "ELEARNING1", "sub_category": ""}}, {"model": "question.question", "pk": 186, "fields": {"exam": 12, "explanation": "", "text": "slide (6).jpg", "category": "ELEARNING1", "sub_category": ""}}, {"model": "question.question", "pk": 187, "fields": {"exam": 13, "explanation": "ELEARNING1 question no 1", "text": "n", "category": "ELEARNING1", "sub_category": ""}}, {"model": "question.question", "pk": 188, "fields": {"exam": 14, "explanation": "ELEARNING1 question no 2", "text": "n", "category": "ELEARNING1", "sub_category": ""}}, {"model": "question.question", "pk": 189, "fields": {"exam": 15, "explanation": "ELEARNING1 question no 3", "text": "n", "category": "ELEARNING1", "sub_category": ""}}, {"model": "question.question", "pk": 190, "fields": {"exam": 16, "explanation": "ELEARNING1 question no 4", "text": "n", "category": "ELEARNING1", "sub_category": ""}}, {"model": "question.question", "pk": 191, "fields": {"exam": 17, "explanation": "ELEARNING1 question no 5", "text": "n", "category": "ELEARNING1", "sub_category": ""}}, {"model": "question.question", "pk": 192, "fields": {"exam": 18, "explanation": "ELEARNING1 question no 6", "text": "n", "category": "ELEARNING1", "sub_category": ""}}, {"model": "question.question", "pk": 193, "fields": {"exam": 19, "explanation": "", "text": "slide (7).jpg", "category": "ELEARNING1", "sub_category": ""}}, {"model": "question.question", "pk": 194, "fields": {"exam": 20, "explanation": "", "text": "slide (8).jpg", "category": "ELEARNING1", "sub_category": ""}}, {"model": "question.question", "pk": 195, "fields": {"exam": 21, "explanation": "", "text": "slide (9).jpg", "category": "ELEARNING1", "sub_category": ""}}, {"model": "question.question", "pk": 196, "fields": {"exam": 22, "explanation": "", "text": "slide (10).jpg", "category": "ELEARNING1", "sub_category": ""}}, {"model": "question.question", "pk": 197, "fields": {"exam": 23, "explanation": "", "text": "slide (11).jpg", "category": "ELEARNING1", "sub_category": ""}}, {"model": "question.question", "pk": 198, "fields": {"exam": 24, "explanation": "ELEARNING1 question no 7", "text": "n", "category": "ELEARNING1", "sub_category": ""}}, {"model": "question.question", "pk": 199, "fields": {"exam": 25, "explanation": "ELEARNING1 question no 8", "text": "n", "category": "ELEARNING1", "sub_category": ""}}, {"model": "question.question", "pk": 200, "fields": {"exam": 26, "explanation": "ELEARNING1 question no 9", "text": "n", "category": "ELEARNING1", "sub_category": ""}}, {"model": "question.question", "pk": 201, "fields": {"exam": 27, "explanation": "ELEARNING1 question no 10", "text": "n", "category": "ELEARNING1", "sub_category": ""}}, {"model": "question.question", "pk": 202, "fields": {"exam": 28, "explanation": "ELEARNING1 question no 11", "text": "n", "category": "ELEARNING1", "sub_category": ""}}, {"model": "question.question", "pk": 203, "fields": {"exam": 29, "explanation": "", "text": "slide (12).jpg", "category": "ELEARNING1", "sub_category": ""}}, {"model": "question.question", "pk": 204, "fields": {"exam": 30, "explanation": "", "text": "slide (13).jpg", "category": "ELEARNING1", "sub_category": ""}}, {"model": "question.question", "pk": 205, "fields": {"exam": 31, "explanation": "", "text": "slide (14).jpg", "category": "ELEARNING1", "sub_category": ""}}, {"model": "question.question", "pk": 206, "fields": {"exam": 32, "explanation": "", "text": "slide (15).jpg", "category": "ELEARNING1", "sub_category": ""}}, {"model": "question.question", "pk": 207, "fields": {"exam": 33, "explanation": "", "text": "slide (16).jpg", "category": "ELEARNING1", "sub_category": ""}}, {"model": "question.question", "pk": 208, "fields": {"exam": 34, "explanation": "", "text": "slide (17).jpg", "category": "ELEARNING1", "sub_category": ""}}, {"model": "question.question", "pk": 209, "fields": {"exam": 35, "explanation": "", "text": "slide (18).jpg", "category": "ELEARNING1", "sub_category": ""}}, {"model": "question.question", "pk": 210, "fields": {"exam": 29, "explanation": "exam question no 1", "text": "n", "category": "EXAM1", "sub_category": ""}}, {"model": "question.question", "pk": 211, "fields": {"exam": 30, "explanation": "exam question no 2", "text": "n", "category": "EXAM1", "sub_category": ""}}, {"model": "question.question", "pk": 212, "fields": {"exam": 31, "explanation": "exam question no 3", "text": "n", "category": "EXAM1", "sub_category": ""}}, {"model": "question.question", "pk": 213, "fields": {"exam": 32, "explanation": "exam question no 4", "text": "n", "category": "EXAM1", "sub_category": ""}}, {"model": "question.question", "pk": 214, "fields": {"exam": 33, "explanation": "exam question no 5", "text": "n", "category": "EXAM1", "sub_category": ""}}, {"model": "question.question", "pk": 215, "fields": {"exam": 34, "explanation": "exam question no 6", "text": "n", "category": "EXAM1", "sub_category": ""}}, {"model": "question.question", "pk": 216, "fields": {"exam": 35, "explanation": "exam question no 7", "text": "n", "category": "EXAM1", "sub_category": ""}}, {"model": "question.question", "pk": 217, "fields": {"exam": 36, "explanation": "exam question no 8", "text": "n", "category": "EXAM1", "sub_category": ""}}, {"model": "question.question", "pk": 218, "fields": {"exam": 37, "explanation": "exam question no 9", "text": "n", "category": "EXAM1", "sub_category": ""}}, {"model": "question.question", "pk": 219, "fields": {"exam": 38, "explanation": "exam question no 10", "text": "n", "category": "EXAM1", "sub_category": ""}}, {"model": "question.question", "pk": 220, "fields": {"exam": 39, "explanation": "exam question no 11", "text": "n", "category": "EXAM1", "sub_category": ""}}, {"model": "question.question", "pk": 221, "fields": {"exam": 40, "explanation": "exam question no 12", "text": "n", "category": "EXAM1", "sub_category": ""}}, {"model": "question.question", "pk": 222, "fields": {"exam": 41, "explanation": "exam question no 13", "text": "n", "category": "EXAM1", "sub_category": ""}}, {"model": "question.question", "pk": 223, "fields": {"exam": 42, "explanation": "exam question no 14", "text": "n", "category": "EXAM1", "sub_category": ""}}, {"model": "question.question", "pk": 224, "fields": {"exam": 43, "explanation": "exam question no 15", "text": "n", "category": "EXAM1", "sub_category": ""}}, {"model": "question.question", "pk": 225, "fields": {"exam": 44, "explanation": "exam question no 16", "text": "n", "category": "EXAM1", "sub_category": ""}}, {"model": "question.question", "pk": 226, "fields": {"exam": 45, "explanation": "exam question no 17", "text": "n", "category": "EXAM1", "sub_category": ""}}, {"model": "question.question", "pk": 227, "fields": {"exam": 46, "explanation": "exam question no 18", "text": "n", "category": "EXAM1", "sub_category": ""}}, {"model": "question.question", "pk": 228, "fields": {"exam": 47, "explanation": "exam question no 19", "text": "n", "category": "EXAM1", "sub_category": ""}}, {"model": "question.question", "pk": 229, "fields": {"exam": 48, "explanation": "exam question no 20", "text": "n", "category": "EXAM1", "sub_category": ""}}, {"model": "question.question", "pk": 230, "fields": {"exam": 49, "explanation": "exam question no 21", "text": "n", "category": "EXAM1", "sub_category": ""}}, {"model": "question.question", "pk": 231, "fields": {"exam": 50, "explanation": "exam question no 22", "text": "n", "category": "EXAM1", "sub_category": ""}}, {"model": "question.question", "pk": 232, "fields": {"exam": 51, "explanation": "exam question no 23", "text": "n", "category": "EXAM1", "sub_category": ""}}, {"model": "question.question", "pk": 233, "fields": {"exam": 52, "explanation": "exam question no 24", "text": "n", "category": "EXAM1", "sub_category": ""}}, {"model": "question.question", "pk": 234, "fields": {"exam": 53, "explanation": "exam question no 25", "text": "n", "category": "EXAM1", "sub_category": ""}}, {"model": "question.question", "pk": 235, "fields": {"exam": 54, "explanation": "exam question no 26", "text": "n", "category": "EXAM1", "sub_category": ""}}, {"model": "question.question", "pk": 236, "fields": {"exam": 55, "explanation": "exam question no 27", "text": "n", "category": "EXAM1", "sub_category": ""}}, {"model": "question.question", "pk": 237, "fields": {"exam": 56, "explanation": "exam question no 28", "text": "n", "category": "EXAM1", "sub_category": ""}}, {"model": "question.question", "pk": 238, "fields": {"exam": 57, "explanation": "exam question no 29", "text": "n", "category": "EXAM1", "sub_category": ""}}, {"model": "question.question", "pk": 239, "fields": {"exam": 58, "explanation": "exam question no 30", "text": "n", "category": "EXAM1", "sub_category": ""}}, {"model": "question.question", "pk": 240, "fields": {"exam": 59, "explanation": "exam question no 31", "text": "n", "category": "EXAM1", "sub_category": ""}}, {"model": "question.question", "pk": 241, "fields": {"exam": 60, "explanation": "exam question no 32", "text": "n", "category": "EXAM1", "sub_category": ""}}, {"model": "question.question", "pk": 242, "fields": {"exam": 61, "explanation": "exam question no 33", "text": "n", "category": "EXAM1", "sub_category": ""}}, {"model": "question.question", "pk": 243, "fields": {"exam": 62, "explanation": "exam question no 34", "text": "n", "category": "EXAM1", "sub_category": ""}}, {"model": "question.question", "pk": 244, "fields": {"exam": 63, "explanation": "exam question no 1", "text": "n", "category": "EXAM2", "sub_category": ""}}, {"model": "question.question", "pk": 245, "fields": {"exam": 64, "explanation": "exam question no 2", "text": "n", "category": "EXAM2", "sub_category": ""}}, {"model": "question.question", "pk": 246, "fields": {"exam": 65, "explanation": "exam question no 3", "text": "n", "category": "EXAM2", "sub_category": ""}}, {"model": "question.question", "pk": 247, "fields": {"exam": 66, "explanation": "exam question no 4", "text": "n", "category": "EXAM2", "sub_category": ""}}, {"model": "question.question", "pk": 248, "fields": {"exam": 67, "explanation": "exam question no 5", "text": "n", "category": "EXAM2", "sub_category": ""}}, {"model": "question.question", "pk": 249, "fields": {"exam": 68, "explanation": "exam question no 6", "text": "n", "category": "EXAM2", "sub_category": ""}}, {"model": "question.question", "pk": 250, "fields": {"exam": 69, "explanation": "exam question no 7", "text": "n", "category": "EXAM2", "sub_category": ""}}, {"model": "question.question", "pk": 251, "fields": {"exam": 70, "explanation": "exam question no 8", "text": "n", "category": "EXAM2", "sub_category": ""}}, {"model": "question.question", "pk": 252, "fields": {"exam": 71, "explanation": "exam question no 9", "text": "n", "category": "EXAM2", "sub_category": ""}}, {"model": "question.question", "pk": 253, "fields": {"exam": 72, "explanation": "exam question no 10", "text": "n", "category": "EXAM2", "sub_category": ""}}, {"model": "question.question", "pk": 254, "fields": {"exam": 73, "explanation": "exam question no 11", "text": "n", "category": "EXAM2", "sub_category": ""}}, {"model": "question.question", "pk": 255, "fields": {"exam": 74, "explanation": "exam question no 12", "text": "n", "category": "EXAM2", "sub_category": ""}}, {"model": "question.question", "pk": 256, "fields": {"exam": 75, "explanation": "exam question no 13", "text": "n", "category": "EXAM2", "sub_category": ""}}, {"model": "question.question", "pk": 257, "fields": {"exam": 76, "explanation": "exam question no 14", "text": "n", "category": "EXAM2", "sub_category": ""}}, {"model": "question.question", "pk": 258, "fields": {"exam": 77, "explanation": "exam question no 15", "text": "n", "category": "EXAM2", "sub_category": ""}}, {"model": "question.question", "pk": 259, "fields": {"exam": 78, "explanation": "exam question no 16", "text": "n", "category": "EXAM2", "sub_category": ""}}, {"model": "question.question", "pk": 260, "fields": {"exam": 79, "explanation": "exam question no 17", "text": "n", "category": "EXAM2", "sub_category": ""}}, {"model": "question.question", "pk": 261, "fields": {"exam": 80, "explanation": "exam question no 18", "text": "n", "category": "EXAM2", "sub_category": ""}}, {"model": "question.question", "pk": 262, "fields": {"exam": 81, "explanation": "exam question no 19", "text": "n", "category": "EXAM2", "sub_category": ""}}, {"model": "question.question", "pk": 263, "fields": {"exam": 82, "explanation": "exam question no 20", "text": "n", "category": "EXAM2", "sub_category": ""}}, {"model": "question.question", "pk": 264, "fields": {"exam": 83, "explanation": "exam question no 21", "text": "n", "category": "EXAM2", "sub_category": ""}}, {"model": "question.question", "pk": 265, "fields": {"exam": 84, "explanation": "exam question no 22", "text": "n", "category": "EXAM2", "sub_category": ""}}, {"model": "question.question", "pk": 266, "fields": {"exam": 85, "explanation": "exam question no 23", "text": "n", "category": "EXAM2", "sub_category": ""}}, {"model": "question.question", "pk": 267, "fields": {"exam": 86, "explanation": "exam question no 24", "text": "n", "category": "EXAM2", "sub_category": ""}}, {"model": "question.question", "pk": 268, "fields": {"exam": 87, "explanation": "exam question no 25", "text": "n", "category": "EXAM2", "sub_category": ""}}, {"model": "question.question", "pk": 269, "fields": {"exam": 88, "explanation": "exam question no 26", "text": "n", "category": "EXAM2", "sub_category": ""}}, {"model": "question.question", "pk": 270, "fields": {"exam": 89, "explanation": "exam question no 27", "text": "n", "category": "EXAM2", "sub_category": ""}}, {"model": "question.question", "pk": 271, "fields": {"exam": 90, "explanation": "exam question no 28", "text": "n", "category": "EXAM2", "sub_category": ""}}, {"model": "question.question", "pk": 272, "fields": {"exam": 91, "explanation": "exam question no 29", "text": "n", "category": "EXAM2", "sub_category": ""}}, {"model": "question.question", "pk": 273, "fields": {"exam": 92, "explanation": "exam question no 30", "text": "n", "category": "EXAM2", "sub_category": ""}}, {"model": "question.question", "pk": 274, "fields": {"exam": 93, "explanation": "exam question no 31", "text": "n", "category": "EXAM2", "sub_category": ""}}, {"model": "question.question", "pk": 275, "fields": {"exam": 94, "explanation": "exam question no 32", "text": "n", "category": "EXAM2", "sub_category": ""}}, {"model": "question.question", "pk": 276, "fields": {"exam": 95, "explanation": "exam question no 33", "text": "n", "category": "EXAM2", "sub_category": ""}}, {"model": "question.question", "pk": 277, "fields": {"exam": 96, "explanation": "exam question no 34", "text": "n", "category": "EXAM2", "sub_category": ""}}, {"model": "question.question", "pk": 278, "fields": {"exam": 97, "explanation": "exam question no 35", "text": "n", "category": "EXAM2", "sub_category": ""}}, {"model": "question.question", "pk": 279, "fields": {"exam": 98, "explanation": "exam question no 36", "text": "n", "category": "EXAM2", "sub_category": ""}}, {"model": "question.question", "pk": 280, "fields": {"exam": 99, "explanation": "exam question no 37", "text": "n", "category": "EXAM2", "sub_category": ""}}, {"model": "question.question", "pk": 281, "fields": {"exam": 100, "explanation": "exam question no 38", "text": "n", "category": "EXAM2", "sub_category": ""}}, {"model": "question.question", "pk": 282, "fields": {"exam": 101, "explanation": "exam question no 39", "text": "n", "category": "EXAM2", "sub_category": ""}}, {"model": "question.question", "pk": 283, "fields": {"exam": 102, "explanation": "exam question no 40", "text": "n", "category": "EXAM2", "sub_category": ""}}, {"model": "question.question", "pk": 284, "fields": {"exam": 103, "explanation": "exam question no 41", "text": "n", "category": "EXAM2", "sub_category": ""}}, {"model": "question.question", "pk": 285, "fields": {"exam": 104, "explanation": "exam question no 42", "text": "n", "category": "EXAM2", "sub_category": ""}}, {"model": "question.question", "pk": 286, "fields": {"exam": 105, "explanation": "exam question no 43", "text": "n", "category": "EXAM2", "sub_category": ""}}, {"model": "question.question", "pk": 287, "fields": {"exam": 106, "explanation": "exam question no 44", "text": "n", "category": "EXAM2", "sub_category": ""}}, {"model": "question.question", "pk": 288, "fields": {"exam": 107, "explanation": "exam question no 45", "text": "n", "category": "EXAM2", "sub_category": ""}}, {"model": "question.question", "pk": 289, "fields": {"exam": 108, "explanation": "exam question no 46", "text": "n", "category": "EXAM2", "sub_category": ""}}, {"model": "question.question", "pk": 290, "fields": {"exam": 109, "explanation": "exam question no 47", "text": "n", "category": "EXAM2", "sub_category": ""}}, {"model": "question.question", "pk": 291, "fields": {"exam": 110, "explanation": "exam question no 48", "text": "n", "category": "EXAM2", "sub_category": ""}}, {"model": "question.question", "pk": 292, "fields": {"exam": 111, "explanation": "exam question no 49", "text": "n", "category": "EXAM2", "sub_category": ""}}, {"model": "question.question", "pk": 293, "fields": {"exam": 112, "explanation": "exam question no 50", "text": "n", "category": "EXAM2", "sub_category": ""}}, {"model": "question.question", "pk": 294, "fields": {"exam": 113, "explanation": "", "text": "slide (1).jpg", "category": "ELEARNING2", "sub_category": ""}}, {"model": "question.question", "pk": 295, "fields": {"exam": 114, "explanation": "", "text": "slide (2).jpg", "category": "ELEARNING2", "sub_category": ""}}, {"model": "question.question", "pk": 296, "fields": {"exam": 115, "explanation": "", "text": "slide (3).jpg", "category": "ELEARNING2", "sub_category": ""}}, {"model": "question.question", "pk": 297, "fields": {"exam": 116, "explanation": "", "text": "slide (4).jpg", "category": "ELEARNING2", "sub_category": ""}}, {"model": "question.question", "pk": 298, "fields": {"exam": 117, "explanation": "", "text": "slide (6).jpg", "category": "ELEARNING2", "sub_category": ""}}, {"model": "question.question", "pk": 299, "fields": {"exam": 118, "explanation": "ELEARNING2 question no 1", "text": "n", "category": "ELEARNING2", "sub_category": ""}}, {"model": "question.question", "pk": 300, "fields": {"exam": 119, "explanation": "ELEARNING2 question no 2", "text": "n", "category": "ELEARNING2", "sub_category": ""}}, {"model": "question.question", "pk": 301, "fields": {"exam": 120, "explanation": "ELEARNING2 question no 3", "text": "n", "category": "ELEARNING2", "sub_category": ""}}, {"model": "question.question", "pk": 302, "fields": {"exam": 121, "explanation": "ELEARNING2 question no 4", "text": "n", "category": "ELEARNING2", "sub_category": ""}}, {"model": "question.question", "pk": 303, "fields": {"exam": 122, "explanation": "ELEARNING2 question no 5", "text": "n", "category": "ELEARNING2", "sub_category": ""}}, {"model": "question.question", "pk": 304, "fields": {"exam": 123, "explanation": "ELEARNING2 question no 6", "text": "n", "category": "ELEARNING2", "sub_category": ""}}, {"model": "question.question", "pk": 305, "fields": {"exam": 124, "explanation": "", "text": "slide (7).jpg", "category": "ELEARNING2", "sub_category": ""}}, {"model": "question.question", "pk": 306, "fields": {"exam": 125, "explanation": "", "text": "slide (8).jpg", "category": "ELEARNING2", "sub_category": ""}}, {"model": "question.question", "pk": 307, "fields": {"exam": 126, "explanation": "", "text": "slide (9).jpg", "category": "ELEARNING2", "sub_category": ""}}, {"model": "question.question", "pk": 308, "fields": {"exam": 127, "explanation": "", "text": "slide (11).jpg", "category": "ELEARNING2", "sub_category": ""}}, {"model": "question.question", "pk": 309, "fields": {"exam": 128, "explanation": "ELEARNING2 question no 7", "text": "n", "category": "ELEARNING2", "sub_category": ""}}, {"model": "question.question", "pk": 310, "fields": {"exam": 129, "explanation": "ELEARNING2 question no 8", "text": "n", "category": "ELEARNING2", "sub_category": ""}}, {"model": "question.question", "pk": 311, "fields": {"exam": 130, "explanation": "ELEARNING2 question no 9", "text": "n", "category": "ELEARNING2", "sub_category": ""}}, {"model": "question.question", "pk": 312, "fields": {"exam": 131, "explanation": "ELEARNING2 question no 10", "text": "n", "category": "ELEARNING2", "sub_category": ""}}, {"model": "question.question", "pk": 313, "fields": {"exam": 132, "explanation": "ELEARNING2 question no 11", "text": "n", "category": "ELEARNING2", "sub_category": ""}}, {"model": "question.question", "pk": 314, "fields": {"exam": 133, "explanation": "", "text": "slide (12).jpg", "category": "ELEARNING2", "sub_category": ""}}, {"model": "question.question", "pk": 315, "fields": {"exam": 134, "explanation": "", "text": "slide (13).jpg", "category": "ELEARNING2", "sub_category": ""}}, {"model": "question.question", "pk": 316, "fields": {"exam": 135, "explanation": "", "text": "slide (14).jpg", "category": "ELEARNING2", "sub_category": ""}}, {"model": "question.question", "pk": 317, "fields": {"exam": 136, "explanation": "ELEARNING2 question no 12", "text": "n", "category": "ELEARNING2", "sub_category": ""}}, {"model": "question.question", "pk": 318, "fields": {"exam": 137, "explanation": "ELEARNING2 question no 13", "text": "n", "category": "ELEARNING2", "sub_category": ""}}, {"model": "question.question", "pk": 319, "fields": {"exam": 138, "explanation": "ELEARNING2 question no 14", "text": "n", "category": "ELEARNING2", "sub_category": ""}}, {"model": "question.question", "pk": 320, "fields": {"exam": 139, "explanation": "ELEARNING2 question no 15", "text": "n", "category": "ELEARNING2", "sub_category": ""}}, {"model": "question.question", "pk": 321, "fields": {"exam": 140, "explanation": "ELEARNING2 question no 16", "text": "n", "category": "ELEARNING2", "sub_category": ""}}, {"model": "question.answer", "pk": 1, "fields": {"question": 1, "text": "correct answer to question no 2", "correct": true}}, {"model": "question.answer", "pk": 2, "fields": {"question": 1, "text": "wrong answer no 1 to question no 2", "correct": false}}, {"model": "question.answer", "pk": 3, "fields": {"question": 1, "text": "wrong answer no 2 to question no 2", "correct": false}}, {"model": "question.answer", "pk": 4, "fields": {"question": 1, "text": "wrong answer no 3 to question no 2", "correct": false}}, {"model": "question.answer", "pk": 5, "fields": {"question": 2, "text": "correct answer to question no 3", "correct": true}}, {"model": "question.answer", "pk": 6, "fields": {"question": 2, "text": "wrong answer no 1 to question no 3", "correct": false}}, {"model": "question.answer", "pk": 7, "fields": {"question": 2, "text": "wrong answer no 2 to question no 3", "correct": false}}, {"model": "question.answer", "pk": 8, "fields": {"question": 2, "text": "wrong answer no 3 to question no 3", "correct": false}}, {"model": "question.answer", "pk": 9, "fields": {"question": 3, "text": "correct answer to question no 4", "correct": true}}, {"model": "question.answer", "pk": 10, "fields": {"question": 3, "text": "wrong answer no 1 to question no 4", "correct": false}}, {"model": "question.answer", "pk": 11, "fields": {"question": 3, "text": "wrong answer no 2 to question no 4", "correct": false}}, {"model": "question.answer", "pk": 12, "fields": {"question": 3, "text": "wrong answer no 3 to question no 4", "correct": false}}, {"model": "question.answer", "pk": 13, "fields": {"question": 4, "text": "correct answer to question no 5", "correct": true}}, {"model": "question.answer", "pk": 14, "fields": {"question": 4, "text": "wrong answer no 1 to question no 5", "correct": false}}, {"model": "question.answer", "pk": 15, "fields": {"question": 4, "text": "wrong answer no 2 to question no 5", "correct": false}}, {"model": "question.answer", "pk": 16, "fields": {"question": 4, "text": "wrong answer no 3 to question no 5", "correct": false}}, {"model": "question.answer", "pk": 17, "fields": {"question": 5, "text": "correct answer to question no 6", "correct": true}}, {"model": "question.answer", "pk": 18, "fields": {"question": 5, "text": "wrong answer no 1 to question no 6", "correct": false}}, {"model": "question.answer", "pk": 19, "fields": {"question": 5, "text": "wrong answer no 2 to question no 6", "correct": false}}, {"model": "question.answer", "pk": 20, "fields": {"question": 5, "text": "wrong answer no 3 to question no 6", "correct": false}}, {"model": "question.answer", "pk": 21, "fields": {"question": 6, "text": "correct answer to question no 7", "correct": true}}, {"model": "question.answer", "pk": 22, "fields": {"question": 6, "text": "wrong answer no 1 to question no 7", "correct": false}}, {"model": "question.answer", "pk": 23, "fields": {"question": 6, "text": "wrong answer no 2 to question no 7", "correct": false}}, {"model": "question.answer", "pk": 24, "fields": {"question": 6, "text": "wrong answer no 3 to question no 7", "correct": false}}, {"model": "question.answer", "pk": 25, "fields": {"question": 7, "text": "correct answer to question no 8", "correct": true}}, {"model": "question.answer", "pk": 26, "fields": {"question": 7, "text": "wrong answer no 1 to question no 8", "correct": false}}, {"model": "question.answer", "pk": 27, "fields": {"question": 7, "text": "wrong answer no 2 to question no 8", "correct": false}}, {"model": "question.answer", "pk": 28, "fields": {"question": 7, "text": "wrong answer no 3 to question no 8", "correct": false}}, {"model": "question.answer", "pk": 29, "fields": {"question": 8, "text": "correct answer to question no 9", "correct": true}}, {"model": "question.answer", "pk": 30, "fields": {"question": 8, "text": "wrong answer no 1 to question no 9", "correct": false}}, {"model": "question.answer", "pk": 31, "fields": {"question": 8, "text": "wrong answer no 2 to question no 9", "correct": false}}, {"model": "question.answer", "pk": 32, "fields": {"question": 8, "text": "wrong answer no 3 to question no 9", "correct": false}}, {"model": "question.answer", "pk": 33, "fields": {"question": 9, "text": "correct answer to question no 10", "correct": true}}, {"model": "question.answer", "pk": 34, "fields": {"question": 9, "text": "wrong answer no 1 to question no 10", "correct": false}}, {"model": "question.answer", "pk": 35, "fields": {"question": 9, "text": "wrong answer no 2 to question no 10", "correct": false}}, {"model": "question.answer", "pk": 36, "fields": {"question": 9, "text": "wrong answer no 3 to question no 10", "correct": false}}, {"model": "question.answer", "pk": 37, "fields": {"question": 10, "text": "correct answer to question no 11", "correct": true}}, {"model": "question.answer", "pk": 38, "fields": {"question": 10, "text": "wrong answer no 1 to question no 11", "correct": false}}, {"model": "question.answer", "pk": 39, "fields": {"question": 10, "text": "wrong answer no 2 to question no 11", "correct": false}}, {"model": "question.answer", "pk": 40, "fields": {"question": 10, "text": "wrong answer no 3 to question no 11", "correct": false}}, {"model": "question.answer", "pk": 41, "fields": {"question": 11, "text": "correct answer to question no 12", "correct": true}}, {"model": "question.answer", "pk": 42, "fields": {"question": 11, "text": "wrong answer no 1 to question no 12", "correct": false}}, {"model": "question.answer", "pk": 43, "fields": {"question": 11, "text": "wrong answer no 2 to question no 12", "correct": false}}, {"model": "question.answer", "pk": 44, "fields": {"question": 11, "text": "wrong answer no 3 to question no 12", "correct": false}}, {"model": "question.answer", "pk": 45, "fields": {"question": 12, "text": "correct answer to question no 13", "correct": true}}, {"model": "question.answer", "pk": 46, "fields": {"question": 12, "text": "wrong answer no 1 to question no 13", "correct": false}}, {"model": "question.answer", "pk": 47, "fields": {"question": 12, "text": "wrong answer no 2 to question no 13", "correct": false}}, {"model": "question.answer", "pk": 48, "fields": {"question": 12, "text": "wrong answer no 3 to question no 13", "correct": false}}, {"model": "question.answer", "pk": 49, "fields": {"question": 13, "text": "correct answer to question no 14", "correct": true}}, {"model": "question.answer", "pk": 50, "fields": {"question": 13, "text": "wrong answer no 1 to question no 14", "correct": false}}, {"model": "question.answer", "pk": 51, "fields": {"question": 13, "text": "wrong answer no 2 to question no 14", "correct": false}}, {"model": "question.answer", "pk": 52, "fields": {"question": 13, "text": "wrong answer no 3 to question no 14", "correct": false}}, {"model": "question.answer", "pk": 53, "fields": {"question": 14, "text": "correct answer to question no 15", "correct": true}}, {"model": "question.answer", "pk": 54, "fields": {"question": 14, "text": "wrong answer no 1 to question no 15", "correct": false}}, {"model": "question.answer", "pk": 55, "fields": {"question": 14, "text": "wrong answer no 2 to question no 15", "correct": false}}, {"model": "question.answer", "pk": 56, "fields": {"question": 14, "text": "wrong answer no 3 to question no 15", "correct": false}}, {"model": "question.answer", "pk": 57, "fields": {"question": 15, "text": "correct answer to question no 16", "correct": true}}, {"model": "question.answer", "pk": 58, "fields": {"question": 15, "text": "wrong answer no 1 to question no 16", "correct": false}}, {"model": "question.answer", "pk": 59, "fields": {"question": 15, "text": "wrong answer no 2 to question no 16", "correct": false}}, {"model": "question.answer", "pk": 60, "fields": {"question": 15, "text": "wrong answer no 3 to question no 16", "correct": false}}, {"model": "question.answer", "pk": 61, "fields": {"question": 16, "text": "correct answer to question no 17", "correct": true}}, {"model": "question.answer", "pk": 62, "fields": {"question": 16, "text": "wrong answer no 1 to question no 17", "correct": false}}, {"model": "question.answer", "pk": 63, "fields": {"question": 16, "text": "wrong answer no 2 to question no 17", "correct": false}}, {"model": "question.answer", "pk": 64, "fields": {"question": 16, "text": "wrong answer no 3 to question no 17", "correct": false}}, {"model": "question.answer", "pk": 65, "fields": {"question": 17, "text": "correct answer to question no 18", "correct": true}}, {"model": "question.answer", "pk": 66, "fields": {"question": 17, "text": "wrong answer no 1 to question no 18", "correct": false}}, {"model": "question.answer", "pk": 67, "fields": {"question": 17, "text": "wrong answer no 2 to question no 18", "correct": false}}, {"model": "question.answer", "pk": 68, "fields": {"question": 17, "text": "wrong answer no 3 to question no 18", "correct": false}}, {"model": "question.answer", "pk": 69, "fields": {"question": 18, "text": "correct answer to question no 19", "correct": true}}, {"model": "question.answer", "pk": 70, "fields": {"question": 18, "text": "wrong answer no 1 to question no 19", "correct": false}}, {"model": "question.answer", "pk": 71, "fields": {"question": 18, "text": "wrong answer no 2 to question no 19", "correct": false}}, {"model": "question.answer", "pk": 72, "fields": {"question": 18, "text": "wrong answer no 3 to question no 19", "correct": false}}, {"model": "question.answer", "pk": 73, "fields": {"question": 19, "text": "correct answer to question no 20", "correct": true}}, {"model": "question.answer", "pk": 74, "fields": {"question": 19, "text": "wrong answer no 1 to question no 20", "correct": false}}, {"model": "question.answer", "pk": 75, "fields": {"question": 19, "text": "wrong answer no 2 to question no 20", "correct": false}}, {"model": "question.answer", "pk": 76, "fields": {"question": 19, "text": "wrong answer no 3 to question no 20", "correct": false}}, {"model": "question.answer", "pk": 77, "fields": {"question": 20, "text": "correct answer to question no 21", "correct": true}}, {"model": "question.answer", "pk": 78, "fields": {"question": 20, "text": "wrong answer no 1 to question no 21", "correct": false}}, {"model": "question.answer", "pk": 79, "fields": {"question": 20, "text": "wrong answer no 2 to question no 21", "correct": false}}, {"model": "question.answer", "pk": 80, "fields": {"question": 20, "text": "wrong answer no 3 to question no 21", "correct": false}}, {"model": "question.answer", "pk": 81, "fields": {"question": 21, "text": "correct answer to question no 22", "correct": true}}, {"model": "question.answer", "pk": 82, "fields": {"question": 21, "text": "wrong answer no 1 to question no 22", "correct": false}}, {"model": "question.answer", "pk": 83, "fields": {"question": 21, "text": "wrong answer no 2 to question no 22", "correct": false}}, {"model": "question.answer", "pk": 84, "fields": {"question": 21, "text": "wrong answer no 3 to question no 22", "correct": false}}, {"model": "question.answer", "pk": 85, "fields": {"question": 22, "text": "correct answer to question no 23", "correct": true}}, {"model": "question.answer", "pk": 86, "fields": {"question": 22, "text": "wrong answer no 1 to question no 23", "correct": false}}, {"model": "question.answer", "pk": 87, "fields": {"question": 22, "text": "wrong answer no 2 to question no 23", "correct": false}}, {"model": "question.answer", "pk": 88, "fields": {"question": 22, "text": "wrong answer no 3 to question no 23", "correct": false}}, {"model": "question.answer", "pk": 89, "fields": {"question": 23, "text": "correct answer to question no 24", "correct": true}}, {"model": "question.answer", "pk": 90, "fields": {"question": 23, "text": "wrong answer no 1 to question no 24", "correct": false}}, {"model": "question.answer", "pk": 91, "fields": {"question": 23, "text": "wrong answer no 2 to question no 24", "correct": false}}, {"model": "question.answer", "pk": 92, "fields": {"question": 23, "text": "wrong answer no 3 to question no 24", "correct": false}}, {"model": "question.answer", "pk": 93, "fields": {"question": 24, "text": "correct answer to question no 25", "correct": true}}, {"model": "question.answer", "pk": 94, "fields": {"question": 24, "text": "wrong answer no 1 to question no 25", "correct": false}}, {"model": "question.answer", "pk": 95, "fields": {"question": 24, "text": "wrong answer no 2 to question no 25", "correct": false}}, {"model": "question.answer", "pk": 96, "fields": {"question": 24, "text": "wrong answer no 3 to question no 25", "correct": false}}, {"model": "question.answer", "pk": 97, "fields": {"question": 25, "text": "correct answer to question no 26", "correct": true}}, {"model": "question.answer", "pk": 98, "fields": {"question": 25, "text": "wrong answer no 1 to question no 26", "correct": false}}, {"model": "question.answer", "pk": 99, "fields": {"question": 25, "text": "wrong answer no 2 to question no 26", "correct": false}}, {"model": "question.answer", "pk": 100, "fields": {"question": 25, "text": "wrong answer no 3 to question no 26", "correct": false}}, {"model": "question.answer", "pk": 101, "fields": {"question": 26, "text": "correct answer to question no 27", "correct": true}}, {"model": "question.answer", "pk": 102, "fields": {"question": 26, "text": "wrong answer no 1 to question no 27", "correct": false}}, {"model": "question.answer", "pk": 103, "fields": {"question": 26, "text": "wrong answer no 2 to question no 27", "correct": false}}, {"model": "question.answer", "pk": 104, "fields": {"question": 26, "text": "wrong answer no 3 to question no 27", "correct": false}}, {"model": "question.answer", "pk": 105, "fields": {"question": 27, "text": "correct answer to question no 28", "correct": true}}, {"model": "question.answer", "pk": 106, "fields": {"question": 27, "text": "wrong answer no 1 to question no 28", "correct": false}}, {"model": "question.answer", "pk": 107, "fields": {"question": 27, "text": "wrong answer no 2 to question no 28", "correct": false}}, {"model": "question.answer", "pk": 108, "fields": {"question": 27, "text": "wrong answer no 3 to question no 28", "correct": false}}, {"model": "question.answer", "pk": 109, "fields": {"question": 28, "text": "correct answer to question no 29", "correct": true}}, {"model": "question.answer", "pk": 110, "fields": {"question": 28, "text": "wrong answer no 1 to question no 29", "correct": false}}, {"model": "question.answer", "pk": 111, "fields": {"question": 28, "text": "wrong answer no 2 to question no 29", "correct": false}}, {"model": "question.answer", "pk": 112, "fields": {"question": 28, "text": "wrong answer no 3 to question no 29", "correct": false}}, {"model": "question.answer", "pk": 113, "fields": {"question": 29, "text": "correct answer to question no 30", "correct": true}}, {"model": "question.answer", "pk": 114, "fields": {"question": 29, "text": "wrong answer no 1 to question no 30", "correct": false}}, {"model": "question.answer", "pk": 115, "fields": {"question": 29, "text": "wrong answer no 2 to question no 30", "correct": false}}, {"model": "question.answer", "pk": 116, "fields": {"question": 29, "text": "wrong answer no 3 to question no 30", "correct": false}}, {"model": "question.answer", "pk": 117, "fields": {"question": 30, "text": "correct answer to question no 31", "correct": true}}, {"model": "question.answer", "pk": 118, "fields": {"question": 30, "text": "wrong answer no 1 to question no 31", "correct": false}}, {"model": "question.answer", "pk": 119, "fields": {"question": 30, "text": "wrong answer no 2 to question no 31", "correct": false}}, {"model": "question.answer", "pk": 120, "fields": {"question": 30, "text": "wrong answer no 3 to question no 31", "correct": false}}, {"model": "question.answer", "pk": 121, "fields": {"question": 31, "text": "correct answer to question no 32", "correct": true}}, {"model": "question.answer", "pk": 122, "fields": {"question": 31, "text": "wrong answer no 1 to question no 32", "correct": false}}, {"model": "question.answer", "pk": 123, "fields": {"question": 31, "text": "wrong answer no 2 to question no 32", "correct": false}}, {"model": "question.answer", "pk": 124, "fields": {"question": 31, "text": "wrong answer no 3 to question no 32", "correct": false}}, {"model": "question.answer", "pk": 125, "fields": {"question": 32, "text": "correct answer to question no 33", "correct": true}}, {"model": "question.answer", "pk": 126, "fields": {"question": 32, "text": "wrong answer no 1 to question no 33", "correct": false}}, {"model": "question.answer", "pk": 127, "fields": {"question": 32, "text": "wrong answer no 2 to question no 33", "correct": false}}, {"model": "question.answer", "pk": 128, "fields": {"question": 32, "text": "wrong answer no 3 to question no 33", "correct": false}}, {"model": "question.answer", "pk": 129, "fields": {"question": 33, "text": "correct answer to question no 34", "correct": true}}, {"model": "question.answer", "pk": 130, "fields": {"question": 33, "text": "wrong answer no 1 to question no 34", "correct": false}}, {"model": "question.answer", "pk": 131, "fields": {"question": 33, "text": "wrong answer no 2 to question no 34", "correct": false}}, {"model": "question.answer", "pk": 132, "fields": {"question": 33, "text": "wrong answer no 3 to question no 34", "correct": false}}, {"model": "question.answer", "pk": 333, "fields": {"question": 84, "text": "correct answer to question no 2", "correct": true}}, {"model": "question.answer", "pk": 334, "fields": {"question": 84, "text": "wrong answer no 1 to question no 2", "correct": false}}, {"model": "question.answer", "pk": 335, "fields": {"question": 84, "text": "wrong answer no 2 to question no 2", "correct": false}}, {"model": "question.answer", "pk": 336, "fields": {"question": 84, "text": "wrong answer no 3 to question no 2", "correct": false}}, {"model": "question.answer", "pk": 337, "fields": {"question": 85, "text": "correct answer to question no 3", "correct": true}}, {"model": "question.answer", "pk": 338, "fields": {"question": 85, "text": "wrong answer no 1 to question no 3", "correct": false}}, {"model": "question.answer", "pk": 339, "fields": {"question": 85, "text": "wrong answer no 2 to question no 3", "correct": false}}, {"model": "question.answer", "pk": 340, "fields": {"question": 85, "text": "wrong answer no 3 to question no 3", "correct": false}}, {"model": "question.answer", "pk": 341, "fields": {"question": 86, "text": "correct answer to question no 4", "correct": true}}, {"model": "question.answer", "pk": 342, "fields": {"question": 86, "text": "wrong answer no 1 to question no 4", "correct": false}}, {"model": "question.answer", "pk": 343, "fields": {"question": 86, "text": "wrong answer no 2 to question no 4", "correct": false}}, {"model": "question.answer", "pk": 344, "fields": {"question": 86, "text": "wrong answer no 3 to question no 4", "correct": false}}, {"model": "question.answer", "pk": 345, "fields": {"question": 87, "text": "correct answer to question no 5", "correct": true}}, {"model": "question.answer", "pk": 346, "fields": {"question": 87, "text": "wrong answer no 1 to question no 5", "correct": false}}, {"model": "question.answer", "pk": 347, "fields": {"question": 87, "text": "wrong answer no 2 to question no 5", "correct": false}}, {"model": "question.answer", "pk": 348, "fields": {"question": 87, "text": "wrong answer no 3 to question no 5", "correct": false}}, {"model": "question.answer", "pk": 349, "fields": {"question": 88, "text": "correct answer to question no 6", "correct": true}}, {"model": "question.answer", "pk": 350, "fields": {"question": 88, "text": "wrong answer no 1 to question no 6", "correct": false}}, {"model": "question.answer", "pk": 351, "fields": {"question": 88, "text": "wrong answer no 2 to question no 6", "correct": false}}, {"model": "question.answer", "pk": 352, "fields": {"question": 88, "text": "wrong answer no 3 to question no 6", "correct": false}}, {"model": "question.answer", "pk": 353, "fields": {"question": 89, "text": "correct answer to question no 7", "correct": true}}, {"model": "question.answer", "pk": 354, "fields": {"question": 89, "text": "wrong answer no 1 to question no 7", "correct": false}}, {"model": "question.answer", "pk": 355, "fields": {"question": 89, "text": "wrong answer no 2 to question no 7", "correct": false}}, {"model": "question.answer", "pk": 356, "fields": {"question": 89, "text": "wrong answer no 3 to question no 7", "correct": false}}, {"model": "question.answer", "pk": 357, "fields": {"question": 90, "text": "correct answer to question no 8", "correct": true}}, {"model": "question.answer", "pk": 358, "fields": {"question": 90, "text": "wrong answer no 1 to question no 8", "correct": false}}, {"model": "question.answer", "pk": 359, "fields": {"question": 90, "text": "wrong answer no 2 to question no 8", "correct": false}}, {"model": "question.answer", "pk": 360, "fields": {"question": 90, "text": "wrong answer no 3 to question no 8", "correct": false}}, {"model": "question.answer", "pk": 361, "fields": {"question": 91, "text": "correct answer to question no 9", "correct": true}}, {"model": "question.answer", "pk": 362, "fields": {"question": 91, "text": "wrong answer no 1 to question no 9", "correct": false}}, {"model": "question.answer", "pk": 363, "fields": {"question": 91, "text": "wrong answer no 2 to question no 9", "correct": false}}, {"model": "question.answer", "pk": 364, "fields": {"question": 91, "text": "wrong answer no 3 to question no 9", "correct": false}}, {"model": "question.answer", "pk": 365, "fields": {"question": 92, "text": "correct answer to question no 10", "correct": true}}, {"model": "question.answer", "pk": 366, "fields": {"question": 92, "text": "wrong answer no 1 to question no 10", "correct": false}}, {"model": "question.answer", "pk": 367, "fields": {"question": 92, "text": "wrong answer no 2 to question no 10", "correct": false}}, {"model": "question.answer", "pk": 368, "fields": {"question": 92, "text": "wrong answer no 3 to question no 10", "correct": false}}, {"model": "question.answer", "pk": 369, "fields": {"question": 93, "text": "correct answer to question no 11", "correct": true}}, {"model": "question.answer", "pk": 370, "fields": {"question": 93, "text": "wrong answer no 1 to question no 11", "correct": false}}, {"model": "question.answer", "pk": 371, "fields": {"question": 93, "text": "wrong answer no 2 to question no 11", "correct": false}}, {"model": "question.answer", "pk": 372, "fields": {"question": 93, "text": "wrong answer no 3 to question no 11", "correct": false}}, {"model": "question.answer", "pk": 373, "fields": {"question": 94, "text": "correct answer to question no 12", "correct": true}}, {"model": "question.answer", "pk": 374, "fields": {"question": 94, "text": "wrong answer no 1 to question no 12", "correct": false}}, {"model": "question.answer", "pk": 375, "fields": {"question": 94, "text": "wrong answer no 2 to question no 12", "correct": false}}, {"model": "question.answer", "pk": 376, "fields": {"question": 94, "text": "wrong answer no 3 to question no 12", "correct": false}}, {"model": "question.answer", "pk": 377, "fields": {"question": 95, "text": "correct answer to question no 13", "correct": true}}, {"model": "question.answer", "pk": 378, "fields": {"question": 95, "text": "wrong answer no 1 to question no 13", "correct": false}}, {"model": "question.answer", "pk": 379, "fields": {"question": 95, "text": "wrong answer no 2 to question no 13", "correct": false}}, {"model": "question.answer", "pk": 380, "fields": {"question": 95, "text": "wrong answer no 3 to question no 13", "correct": false}}, {"model": "question.answer", "pk": 381, "fields": {"question": 96, "text": "correct answer to question no 14", "correct": true}}, {"model": "question.answer", "pk": 382, "fields": {"question": 96, "text": "wrong answer no 1 to question no 14", "correct": false}}, {"model": "question.answer", "pk": 383, "fields": {"question": 96, "text": "wrong answer no 2 to question no 14", "correct": false}}, {"model": "question.answer", "pk": 384, "fields": {"question": 96, "text": "wrong answer no 3 to question no 14", "correct": false}}, {"model": "question.answer", "pk": 385, "fields": {"question": 97, "text": "correct answer to question no 15", "correct": true}}, {"model": "question.answer", "pk": 386, "fields": {"question": 97, "text": "wrong answer no 1 to question no 15", "correct": false}}, {"model": "question.answer", "pk": 387, "fields": {"question": 97, "text": "wrong answer no 2 to question no 15", "correct": false}}, {"model": "question.answer", "pk": 388, "fields": {"question": 97, "text": "wrong answer no 3 to question no 15", "correct": false}}, {"model": "question.answer", "pk": 389, "fields": {"question": 98, "text": "correct answer to question no 16", "correct": true}}, {"model": "question.answer", "pk": 390, "fields": {"question": 98, "text": "wrong answer no 1 to question no 16", "correct": false}}, {"model": "question.answer", "pk": 391, "fields": {"question": 98, "text": "wrong answer no 2 to question no 16", "correct": false}}, {"model": "question.answer", "pk": 392, "fields": {"question": 98, "text": "wrong answer no 3 to question no 16", "correct": false}}, {"model": "question.answer", "pk": 393, "fields": {"question": 99, "text": "correct answer to question no 17", "correct": true}}, {"model": "question.answer", "pk": 394, "fields": {"question": 99, "text": "wrong answer no 1 to question no 17", "correct": false}}, {"model": "question.answer", "pk": 395, "fields": {"question": 99, "text": "wrong answer no 2 to question no 17", "correct": false}}, {"model": "question.answer", "pk": 396, "fields": {"question": 99, "text": "wrong answer no 3 to question no 17", "correct": false}}, {"model": "question.answer", "pk": 397, "fields": {"question": 100, "text": "correct answer to question no 18", "correct": true}}, {"model": "question.answer", "pk": 398, "fields": {"question": 100, "text": "wrong answer no 1 to question no 18", "correct": false}}, {"model": "question.answer", "pk": 399, "fields": {"question": 100, "text": "wrong answer no 2 to question no 18", "correct": false}}, {"model": "question.answer", "pk": 400, "fields": {"question": 100, "text": "wrong answer no 3 to question no 18", "correct": false}}, {"model": "question.answer", "pk": 401, "fields": {"question": 101, "text": "correct answer to question no 19", "correct": true}}, {"model": "question.answer", "pk": 402, "fields": {"question": 101, "text": "wrong answer no 1 to question no 19", "correct": false}}, {"model": "question.answer", "pk": 403, "fields": {"question": 101, "text": "wrong answer no 2 to question no 19", "correct": false}}, {"model": "question.answer", "pk": 404, "fields": {"question": 101, "text": "wrong answer no 3 to question no 19", "correct": false}}, {"model": "question.answer", "pk": 405, "fields": {"question": 102, "text": "correct answer to question no 20", "correct": true}}, {"model": "question.answer", "pk": 406, "fields": {"question": 102, "text": "wrong answer no 1 to question no 20", "correct": false}}, {"model": "question.answer", "pk": 407, "fields": {"question": 102, "text": "wrong answer no 2 to question no 20", "correct": false}}, {"model": "question.answer", "pk": 408, "fields": {"question": 102, "text": "wrong answer no 3 to question no 20", "correct": false}}, {"model": "question.answer", "pk": 409, "fields": {"question": 103, "text": "correct answer to question no 21", "correct": true}}, {"model": "question.answer", "pk": 410, "fields": {"question": 103, "text": "wrong answer no 1 to question no 21", "correct": false}}, {"model": "question.answer", "pk": 411, "fields": {"question": 103, "text": "wrong answer no 2 to question no 21", "correct": false}}, {"model": "question.answer", "pk": 412, "fields": {"question": 103, "text": "wrong answer no 3 to question no 21", "correct": false}}, {"model": "question.answer", "pk": 413, "fields": {"question": 104, "text": "correct answer to question no 22", "correct": true}}, {"model": "question.answer", "pk": 414, "fields": {"question": 104, "text": "wrong answer no 1 to question no 22", "correct": false}}, {"model": "question.answer", "pk": 415, "fields": {"question": 104, "text": "wrong answer no 2 to question no 22", "correct": false}}, {"model": "question.answer", "pk": 416, "fields": {"question": 104, "text": "wrong answer no 3 to question no 22", "correct": false}}, {"model": "question.answer", "pk": 417, "fields": {"question": 105, "text": "correct answer to question no 23", "correct": true}}, {"model": "question.answer", "pk": 418, "fields": {"question": 105, "text": "wrong answer no 1 to question no 23", "correct": false}}, {"model": "question.answer", "pk": 419, "fields": {"question": 105, "text": "wrong answer no 2 to question no 23", "correct": false}}, {"model": "question.answer", "pk": 420, "fields": {"question": 105, "text": "wrong answer no 3 to question no 23", "correct": false}}, {"model": "question.answer", "pk": 421, "fields": {"question": 106, "text": "correct answer to question no 24", "correct": true}}, {"model": "question.answer", "pk": 422, "fields": {"question": 106, "text": "wrong answer no 1 to question no 24", "correct": false}}, {"model": "question.answer", "pk": 423, "fields": {"question": 106, "text": "wrong answer no 2 to question no 24", "correct": false}}, {"model": "question.answer", "pk": 424, "fields": {"question": 106, "text": "wrong answer no 3 to question no 24", "correct": false}}, {"model": "question.answer", "pk": 425, "fields": {"question": 107, "text": "correct answer to question no 25", "correct": true}}, {"model": "question.answer", "pk": 426, "fields": {"question": 107, "text": "wrong answer no 1 to question no 25", "correct": false}}, {"model": "question.answer", "pk": 427, "fields": {"question": 107, "text": "wrong answer no 2 to question no 25", "correct": false}}, {"model": "question.answer", "pk": 428, "fields": {"question": 107, "text": "wrong answer no 3 to question no 25", "correct": false}}, {"model": "question.answer", "pk": 429, "fields": {"question": 108, "text": "correct answer to question no 26", "correct": true}}, {"model": "question.answer", "pk": 430, "fields": {"question": 108, "text": "wrong answer no 1 to question no 26", "correct": false}}, {"model": "question.answer", "pk": 431, "fields": {"question": 108, "text": "wrong answer no 2 to question no 26", "correct": false}}, {"model": "question.answer", "pk": 432, "fields": {"question": 108, "text": "wrong answer no 3 to question no 26", "correct": false}}, {"model": "question.answer", "pk": 433, "fields": {"question": 109, "text": "correct answer to question no 27", "correct": true}}, {"model": "question.answer", "pk": 434, "fields": {"question": 109, "text": "wrong answer no 1 to question no 27", "correct": false}}, {"model": "question.answer", "pk": 435, "fields": {"question": 109, "text": "wrong answer no 2 to question no 27", "correct": false}}, {"model": "question.answer", "pk": 436, "fields": {"question": 109, "text": "wrong answer no 3 to question no 27", "correct": false}}, {"model": "question.answer", "pk": 437, "fields": {"question": 110, "text": "correct answer to question no 28", "correct": true}}, {"model": "question.answer", "pk": 438, "fields": {"question": 110, "text": "wrong answer no 1 to question no 28", "correct": false}}, {"model": "question.answer", "pk": 439, "fields": {"question": 110, "text": "wrong answer no 2 to question no 28", "correct": false}}, {"model": "question.answer", "pk": 440, "fields": {"question": 110, "text": "wrong answer no 3 to question no 28", "correct": false}}, {"model": "question.answer", "pk": 441, "fields": {"question": 111, "text": "correct answer to question no 29", "correct": true}}, {"model": "question.answer", "pk": 442, "fields": {"question": 111, "text": "wrong answer no 1 to question no 29", "correct": false}}, {"model": "question.answer", "pk": 443, "fields": {"question": 111, "text": "wrong answer no 2 to question no 29", "correct": false}}, {"model": "question.answer", "pk": 444, "fields": {"question": 111, "text": "wrong answer no 3 to question no 29", "correct": false}}, {"model": "question.answer", "pk": 445, "fields": {"question": 112, "text": "correct answer to question no 30", "correct": true}}, {"model": "question.answer", "pk": 446, "fields": {"question": 112, "text": "wrong answer no 1 to question no 30", "correct": false}}, {"model": "question.answer", "pk": 447, "fields": {"question": 112, "text": "wrong answer no 2 to question no 30", "correct": false}}, {"model": "question.answer", "pk": 448, "fields": {"question": 112, "text": "wrong answer no 3 to question no 30", "correct": false}}, {"model": "question.answer", "pk": 449, "fields": {"question": 113, "text": "correct answer to question no 31", "correct": true}}, {"model": "question.answer", "pk": 450, "fields": {"question": 113, "text": "wrong answer no 1 to question no 31", "correct": false}}, {"model": "question.answer", "pk": 451, "fields": {"question": 113, "text": "wrong answer no 2 to question no 31", "correct": false}}, {"model": "question.answer", "pk": 452, "fields": {"question": 113, "text": "wrong answer no 3 to question no 31", "correct": false}}, {"model": "question.answer", "pk": 453, "fields": {"question": 114, "text": "correct answer to question no 32", "correct": true}}, {"model": "question.answer", "pk": 454, "fields": {"question": 114, "text": "wrong answer no 1 to question no 32", "correct": false}}, {"model": "question.answer", "pk": 455, "fields": {"question": 114, "text": "wrong answer no 2 to question no 32", "correct": false}}, {"model": "question.answer", "pk": 456, "fields": {"question": 114, "text": "wrong answer no 3 to question no 32", "correct": false}}, {"model": "question.answer", "pk": 457, "fields": {"question": 115, "text": "correct answer to question no 33", "correct": true}}, {"model": "question.answer", "pk": 458, "fields": {"question": 115, "text": "wrong answer no 1 to question no 33", "correct": false}}, {"model": "question.answer", "pk": 459, "fields": {"question": 115, "text": "wrong answer no 2 to question no 33", "correct": false}}, {"model": "question.answer", "pk": 460, "fields": {"question": 115, "text": "wrong answer no 3 to question no 33", "correct": false}}, {"model": "question.answer", "pk": 461, "fields": {"question": 116, "text": "correct answer to question no 34", "correct": true}}, {"model": "question.answer", "pk": 462, "fields": {"question": 116, "text": "wrong answer no 1 to question no 34", "correct": false}}, {"model": "question.answer", "pk": 463, "fields": {"question": 116, "text": "wrong answer no 2 to question no 34", "correct": false}}, {"model": "question.answer", "pk": 464, "fields": {"question": 116, "text": "wrong answer no 3 to question no 34", "correct": false}}, {"model": "question.answer", "pk": 465, "fields": {"question": 117, "text": "correct answer to question no 35", "correct": true}}, {"model": "question.answer", "pk": 466, "fields": {"question": 117, "text": "wrong answer no 1 to question no 35", "correct": false}}, {"model": "question.answer", "pk": 467, "fields": {"question": 117, "text": "wrong answer no 2 to question no 35", "correct": false}}, {"model": "question.answer", "pk": 468, "fields": {"question": 117, "text": "wrong answer no 3 to question no 35", "correct": false}}, {"model": "question.answer", "pk": 469, "fields": {"question": 118, "text": "correct answer to question no 36", "correct": true}}, {"model": "question.answer", "pk": 470, "fields": {"question": 118, "text": "wrong answer no 1 to question no 36", "correct": false}}, {"model": "question.answer", "pk": 471, "fields": {"question": 118, "text": "wrong answer no 2 to question no 36", "correct": false}}, {"model": "question.answer", "pk": 472, "fields": {"question": 118, "text": "wrong answer no 3 to question no 36", "correct": false}}, {"model": "question.answer", "pk": 473, "fields": {"question": 119, "text": "correct answer to question no 37", "correct": true}}, {"model": "question.answer", "pk": 474, "fields": {"question": 119, "text": "wrong answer no 1 to question no 37", "correct": false}}, {"model": "question.answer", "pk": 475, "fields": {"question": 119, "text": "wrong answer no 2 to question no 37", "correct": false}}, {"model": "question.answer", "pk": 476, "fields": {"question": 119, "text": "wrong answer no 3 to question no 37", "correct": false}}, {"model": "question.answer", "pk": 477, "fields": {"question": 120, "text": "correct answer to question no 38", "correct": true}}, {"model": "question.answer", "pk": 478, "fields": {"question": 120, "text": "wrong answer no 1 to question no 38", "correct": false}}, {"model": "question.answer", "pk": 479, "fields": {"question": 120, "text": "wrong answer no 2 to question no 38", "correct": false}}, {"model": "question.answer", "pk": 480, "fields": {"question": 120, "text": "wrong answer no 3 to question no 38", "correct": false}}, {"model": "question.answer", "pk": 481, "fields": {"question": 121, "text": "correct answer to question no 39", "correct": true}}, {"model": "question.answer", "pk": 482, "fields": {"question": 121, "text": "wrong answer no 1 to question no 39", "correct": false}}, {"model": "question.answer", "pk": 483, "fields": {"question": 121, "text": "wrong answer no 2 to question no 39", "correct": false}}, {"model": "question.answer", "pk": 484, "fields": {"question": 121, "text": "wrong answer no 3 to question no 39", "correct": false}}, {"model": "question.answer", "pk": 485, "fields": {"question": 122, "text": "correct answer to question no 40", "correct": true}}, {"model": "question.answer", "pk": 486, "fields": {"question": 122, "text": "wrong answer no 1 to question no 40", "correct": false}}, {"model": "question.answer", "pk": 487, "fields": {"question": 122, "text": "wrong answer no 2 to question no 40", "correct": false}}, {"model": "question.answer", "pk": 488, "fields": {"question": 122, "text": "wrong answer no 3 to question no 40", "correct": false}}, {"model": "question.answer", "pk": 489, "fields": {"question": 123, "text": "correct answer to question no 41", "correct": true}}, {"model": "question.answer", "pk": 490, "fields": {"question": 123, "text": "wrong answer no 1 to question no 41", "correct": false}}, {"model": "question.answer", "pk": 491, "fields": {"question": 123, "text": "wrong answer no 2 to question no 41", "correct": false}}, {"model": "question.answer", "pk": 492, "fields": {"question": 123, "text": "wrong answer no 3 to question no 41", "correct": false}}, {"model": "question.answer", "pk": 493, "fields": {"question": 124, "text": "correct answer to question no 42", "correct": true}}, {"model": "question.answer", "pk": 494, "fields": {"question": 124, "text": "wrong answer no 1 to question no 42", "correct": false}}, {"model": "question.answer", "pk": 495, "fields": {"question": 124, "text": "wrong answer no 2 to question no 42", "correct": false}}, {"model": "question.answer", "pk": 496, "fields": {"question": 124, "text": "wrong answer no 3 to question no 42", "correct": false}}, {"model": "question.answer", "pk": 497, "fields": {"question": 125, "text": "correct answer to question no 43", "correct": true}}, {"model": "question.answer", "pk": 498, "fields": {"question": 125, "text": "wrong answer no 1 to question no 43", "correct": false}}, {"model": "question.answer", "pk": 499, "fields": {"question": 125, "text": "wrong answer no 2 to question no 43", "correct": false}}, {"model": "question.answer", "pk": 500, "fields": {"question": 125, "text": "wrong answer no 3 to question no 43", "correct": false}}, {"model": "question.answer", "pk": 501, "fields": {"question": 126, "text": "correct answer to question no 44", "correct": true}}, {"model": "question.answer", "pk": 502, "fields": {"question": 126, "text": "wrong answer no 1 to question no 44", "correct": false}}, {"model": "question.answer", "pk": 503, "fields": {"question": 126, "text": "wrong answer no 2 to question no 44", "correct": false}}, {"model": "question.answer", "pk": 504, "fields": {"question": 126, "text": "wrong answer no 3 to question no 44", "correct": false}}, {"model": "question.answer", "pk": 505, "fields": {"question": 127, "text": "correct answer to question no 45", "correct": true}}, {"model": "question.answer", "pk": 506, "fields": {"question": 127, "text": "wrong answer no 1 to question no 45", "correct": false}}, {"model": "question.answer", "pk": 507, "fields": {"question": 127, "text": "wrong answer no 2 to question no 45", "correct": false}}, {"model": "question.answer", "pk": 508, "fields": {"question": 127, "text": "wrong answer no 3 to question no 45", "correct": false}}, {"model": "question.answer", "pk": 509, "fields": {"question": 128, "text": "correct answer to question no 46", "correct": true}}, {"model": "question.answer", "pk": 510, "fields": {"question": 128, "text": "wrong answer no 1 to question no 46", "correct": false}}, {"model": "question.answer", "pk": 511, "fields": {"question": 128, "text": "wrong answer no 2 to question no 46", "correct": false}}, {"model": "question.answer", "pk": 512, "fields": {"question": 128, "text": "wrong answer no 3 to question no 46", "correct": false}}, {"model": "question.answer", "pk": 513, "fields": {"question": 129, "text": "correct answer to question no 47", "correct": true}}, {"model": "question.answer", "pk": 514, "fields": {"question": 129, "text": "wrong answer no 1 to question no 47", "correct": false}}, {"model": "question.answer", "pk": 515, "fields": {"question": 129, "text": "wrong answer no 2 to question no 47", "correct": false}}, {"model": "question.answer", "pk": 516, "fields": {"question": 129, "text": "wrong answer no 3 to question no 47", "correct": false}}, {"model": "question.answer", "pk": 517, "fields": {"question": 130, "text": "correct answer to question no 48", "correct": true}}, {"model": "question.answer", "pk": 518, "fields": {"question": 130, "text": "wrong answer no 1 to question no 48", "correct": false}}, {"model": "question.answer", "pk": 519, "fields": {"question": 130, "text": "wrong answer no 2 to question no 48", "correct": false}}, {"model": "question.answer", "pk": 520, "fields": {"question": 130, "text": "wrong answer no 3 to question no 48", "correct": false}}, {"model": "question.answer", "pk": 521, "fields": {"question": 131, "text": "correct answer to question no 49", "correct": true}}, {"model": "question.answer", "pk": 522, "fields": {"question": 131, "text": "wrong answer no 1 to question no 49", "correct": false}}, {"model": "question.answer", "pk": 523, "fields": {"question": 131, "text": "wrong answer no 2 to question no 49", "correct": false}}, {"model": "question.answer", "pk": 524, "fields": {"question": 131, "text": "wrong answer no 3 to question no 49", "correct": false}}, {"model": "question.answer", "pk": 525, "fields": {"question": 132, "text": "correct answer to question no 50", "correct": true}}, {"model": "question.answer", "pk": 526, "fields": {"question": 132, "text": "wrong answer no 1 to question no 50", "correct": false}}, {"model": "question.answer", "pk": 527, "fields": {"question": 132, "text": "wrong answer no 2 to question no 50", "correct": false}}, {"model": "question.answer", "pk": 528, "fields": {"question": 132, "text": "wrong answer no 3 to question no 50", "correct": false}}, {"model": "question.answer", "pk": 593, "fields": {"question": 149, "text": "correct answer to question no 1", "correct": true}}, {"model": "question.answer", "pk": 594, "fields": {"question": 149, "text": "wrong answer no 1 to question no 1", "correct": false}}, {"model": "question.answer", "pk": 595, "fields": {"question": 149, "text": "wrong answer no 2 to question no 1", "correct": false}}, {"model": "question.answer", "pk": 596, "fields": {"question": 149, "text": "wrong answer no 3 to question no 1", "correct": false}}, {"model": "question.answer", "pk": 597, "fields": {"question": 150, "text": "correct answer to question no 2", "correct": true}}, {"model": "question.answer", "pk": 598, "fields": {"question": 150, "text": "wrong answer no 1 to question no 2", "correct": false}}, {"model": "question.answer", "pk": 599, "fields": {"question": 150, "text": "wrong answer no 2 to question no 2", "correct": false}}, {"model": "question.answer", "pk": 600, "fields": {"question": 150, "text": "wrong answer no 3 to question no 2", "correct": false}}, {"model": "question.answer", "pk": 601, "fields": {"question": 151, "text": "correct answer to question no 3", "correct": true}}, {"model": "question.answer", "pk": 602, "fields": {"question": 151, "text": "wrong answer no 1 to question no 3", "correct": false}}, {"model": "question.answer", "pk": 603, "fields": {"question": 151, "text": "wrong answer no 2 to question no 3", "correct": false}}, {"model": "question.answer", "pk": 604, "fields": {"question": 151, "text": "wrong answer no 3 to question no 3", "correct": false}}, {"model": "question.answer", "pk": 605, "fields": {"question": 152, "text": "correct answer to question no 4", "correct": true}}, {"model": "question.answer", "pk": 606, "fields": {"question": 152, "text": "wrong answer no 1 to question no 4", "correct": false}}, {"model": "question.answer", "pk": 607, "fields": {"question": 152, "text": "wrong answer no 2 to question no 4", "correct": false}}, {"model": "question.answer", "pk": 608, "fields": {"question": 152, "text": "wrong answer no 3 to question no 4", "correct": false}}, {"model": "question.answer", "pk": 609, "fields": {"question": 153, "text": "correct answer to question no 5", "correct": true}}, {"model": "question.answer", "pk": 610, "fields": {"question": 153, "text": "wrong answer no 1 to question no 5", "correct": false}}, {"model": "question.answer", "pk": 611, "fields": {"question": 153, "text": "wrong answer no 2 to question no 5", "correct": false}}, {"model": "question.answer", "pk": 612, "fields": {"question": 153, "text": "wrong answer no 3 to question no 5", "correct": false}}, {"model": "question.answer", "pk": 613, "fields": {"question": 154, "text": "correct answer to question no 6", "correct": true}}, {"model": "question.answer", "pk": 614, "fields": {"question": 154, "text": "wrong answer no 1 to question no 6", "correct": false}}, {"model": "question.answer", "pk": 615, "fields": {"question": 154, "text": "wrong answer no 2 to question no 6", "correct": false}}, {"model": "question.answer", "pk": 616, "fields": {"question": 154, "text": "wrong answer no 3 to question no 6", "correct": false}}, {"model": "question.answer", "pk": 617, "fields": {"question": 155, "text": "correct answer to question no 7", "correct": true}}, {"model": "question.answer", "pk": 618, "fields": {"question": 155, "text": "wrong answer no 1 to question no 7", "correct": false}}, {"model": "question.answer", "pk": 619, "fields": {"question": 155, "text": "wrong answer no 2 to question no 7", "correct": false}}, {"model": "question.answer", "pk": 620, "fields": {"question": 155, "text": "wrong answer no 3 to question no 7", "correct": false}}, {"model": "question.answer", "pk": 621, "fields": {"question": 156, "text": "correct answer to question no 8", "correct": true}}, {"model": "question.answer", "pk": 622, "fields": {"question": 156, "text": "wrong answer no 1 to question no 8", "correct": false}}, {"model": "question.answer", "pk": 623, "fields": {"question": 156, "text": "wrong answer no 2 to question no 8", "correct": false}}, {"model": "question.answer", "pk": 624, "fields": {"question": 156, "text": "wrong answer no 3 to question no 8", "correct": false}}, {"model": "question.answer", "pk": 625, "fields": {"question": 157, "text": "correct answer to question no 9", "correct": true}}, {"model": "question.answer", "pk": 626, "fields": {"question": 157, "text": "wrong answer no 1 to question no 9", "correct": false}}, {"model": "question.answer", "pk": 627, "fields": {"question": 157, "text": "wrong answer no 2 to question no 9", "correct": false}}, {"model": "question.answer", "pk": 628, "fields": {"question": 157, "text": "wrong answer no 3 to question no 9", "correct": false}}, {"model": "question.answer", "pk": 629, "fields": {"question": 158, "text": "correct answer to question no 10", "correct": true}}, {"model": "question.answer", "pk": 630, "fields": {"question": 158, "text": "wrong answer no 1 to question no 10", "correct": false}}, {"model": "question.answer", "pk": 631, "fields": {"question": 158, "text": "wrong answer no 2 to question no 10", "correct": false}}, {"model": "question.answer", "pk": 632, "fields": {"question": 158, "text": "wrong answer no 3 to question no 10", "correct": false}}, {"model": "question.answer", "pk": 633, "fields": {"question": 159, "text": "correct answer to question no 11", "correct": true}}, {"model": "question.answer", "pk": 634, "fields": {"question": 159, "text": "wrong answer no 1 to question no 11", "correct": false}}, {"model": "question.answer", "pk": 635, "fields": {"question": 159, "text": "wrong answer no 2 to question no 11", "correct": false}}, {"model": "question.answer", "pk": 636, "fields": {"question": 159, "text": "wrong answer no 3 to question no 11", "correct": false}}, {"model": "question.answer", "pk": 637, "fields": {"question": 160, "text": "correct answer to question no 12", "correct": true}}, {"model": "question.answer", "pk": 638, "fields": {"question": 160, "text": "wrong answer no 1 to question no 12", "correct": false}}, {"model": "question.answer", "pk": 639, "fields": {"question": 160, "text": "wrong answer no 2 to question no 12", "correct": false}}, {"model": "question.answer", "pk": 640, "fields": {"question": 160, "text": "wrong answer no 3 to question no 12", "correct": false}}, {"model": "question.answer", "pk": 641, "fields": {"question": 161, "text": "correct answer to question no 13", "correct": true}}, {"model": "question.answer", "pk": 642, "fields": {"question": 161, "text": "wrong answer no 1 to question no 13", "correct": false}}, {"model": "question.answer", "pk": 643, "fields": {"question": 161, "text": "wrong answer no 2 to question no 13", "correct": false}}, {"model": "question.answer", "pk": 644, "fields": {"question": 161, "text": "wrong answer no 3 to question no 13", "correct": false}}, {"model": "question.answer", "pk": 645, "fields": {"question": 162, "text": "correct answer to question no 14", "correct": true}}, {"model": "question.answer", "pk": 646, "fields": {"question": 162, "text": "wrong answer no 1 to question no 14", "correct": false}}, {"model": "question.answer", "pk": 647, "fields": {"question": 162, "text": "wrong answer no 2 to question no 14", "correct": false}}, {"model": "question.answer", "pk": 648, "fields": {"question": 162, "text": "wrong answer no 3 to question no 14", "correct": false}}, {"model": "question.answer", "pk": 649, "fields": {"question": 163, "text": "correct answer to question no 15", "correct": true}}, {"model": "question.answer", "pk": 650, "fields": {"question": 163, "text": "wrong answer no 1 to question no 15", "correct": false}}, {"model": "question.answer", "pk": 651, "fields": {"question": 163, "text": "wrong answer no 2 to question no 15", "correct": false}}, {"model": "question.answer", "pk": 652, "fields": {"question": 163, "text": "wrong answer no 3 to question no 15", "correct": false}}, {"model": "question.answer", "pk": 653, "fields": {"question": 164, "text": "correct answer to question no 16", "correct": true}}, {"model": "question.answer", "pk": 654, "fields": {"question": 164, "text": "wrong answer no 1 to question no 16", "correct": false}}, {"model": "question.answer", "pk": 655, "fields": {"question": 164, "text": "wrong answer no 2 to question no 16", "correct": false}}, {"model": "question.answer", "pk": 656, "fields": {"question": 164, "text": "wrong answer no 3 to question no 16", "correct": false}}, {"model": "question.answer", "pk": 657, "fields": {"question": 165, "text": "correct answer to question no 1", "correct": true}}, {"model": "question.answer", "pk": 658, "fields": {"question": 165, "text": "wrong answer no 1 to question no 1", "correct": false}}, {"model": "question.answer", "pk": 659, "fields": {"question": 165, "text": "wrong answer no 2 to question no 1", "correct": false}}, {"model": "question.answer", "pk": 660, "fields": {"question": 165, "text": "wrong answer no 3 to question no 1", "correct": false}}, {"model": "question.answer", "pk": 661, "fields": {"question": 166, "text": "correct answer to question no 2", "correct": true}}, {"model": "question.answer", "pk": 662, "fields": {"question": 166, "text": "wrong answer no 1 to question no 2", "correct": false}}, {"model": "question.answer", "pk": 663, "fields": {"question": 166, "text": "wrong answer no 2 to question no 2", "correct": false}}, {"model": "question.answer", "pk": 664, "fields": {"question": 166, "text": "wrong answer no 3 to question no 2", "correct": false}}, {"model": "question.answer", "pk": 665, "fields": {"question": 167, "text": "correct answer to question no 3", "correct": true}}, {"model": "question.answer", "pk": 666, "fields": {"question": 167, "text": "wrong answer no 1 to question no 3", "correct": false}}, {"model": "question.answer", "pk": 667, "fields": {"question": 167, "text": "wrong answer no 2 to question no 3", "correct": false}}, {"model": "question.answer", "pk": 668, "fields": {"question": 167, "text": "wrong answer no 3 to question no 3", "correct": false}}, {"model": "question.answer", "pk": 669, "fields": {"question": 168, "text": "correct answer to question no 4", "correct": true}}, {"model": "question.answer", "pk": 670, "fields": {"question": 168, "text": "wrong answer no 1 to question no 4", "correct": false}}, {"model": "question.answer", "pk": 671, "fields": {"question": 168, "text": "wrong answer no 2 to question no 4", "correct": false}}, {"model": "question.answer", "pk": 672, "fields": {"question": 168, "text": "wrong answer no 3 to question no 4", "correct": false}}, {"model": "question.answer", "pk": 673, "fields": {"question": 169, "text": "correct answer to question no 5", "correct": true}}, {"model": "question.answer", "pk": 674, "fields": {"question": 169, "text": "wrong answer no 1 to question no 5", "correct": false}}, {"model": "question.answer", "pk": 675, "fields": {"question": 169, "text": "wrong answer no 2 to question no 5", "correct": false}}, {"model": "question.answer", "pk": 676, "fields": {"question": 169, "text": "wrong answer no 3 to question no 5", "correct": false}}, {"model": "question.answer", "pk": 677, "fields": {"question": 170, "text": "correct answer to question no 6", "correct": true}}, {"model": "question.answer", "pk": 678, "fields": {"question": 170, "text": "wrong answer no 1 to question no 6", "correct": false}}, {"model": "question.answer", "pk": 679, "fields": {"question": 170, "text": "wrong answer no 2 to question no 6", "correct": false}}, {"model": "question.answer", "pk": 680, "fields": {"question": 170, "text": "wrong answer no 3 to question no 6", "correct": false}}, {"model": "question.answer", "pk": 681, "fields": {"question": 171, "text": "correct answer to question no 7", "correct": true}}, {"model": "question.answer", "pk": 682, "fields": {"question": 171, "text": "wrong answer no 1 to question no 7", "correct": false}}, {"model": "question.answer", "pk": 683, "fields": {"question": 171, "text": "wrong answer no 2 to question no 7", "correct": false}}, {"model": "question.answer", "pk": 684, "fields": {"question": 171, "text": "wrong answer no 3 to question no 7", "correct": false}}, {"model": "question.answer", "pk": 685, "fields": {"question": 172, "text": "correct answer to question no 8", "correct": true}}, {"model": "question.answer", "pk": 686, "fields": {"question": 172, "text": "wrong answer no 1 to question no 8", "correct": false}}, {"model": "question.answer", "pk": 687, "fields": {"question": 172, "text": "wrong answer no 2 to question no 8", "correct": false}}, {"model": "question.answer", "pk": 688, "fields": {"question": 172, "text": "wrong answer no 3 to question no 8", "correct": false}}, {"model": "question.answer", "pk": 689, "fields": {"question": 173, "text": "correct answer to question no 9", "correct": true}}, {"model": "question.answer", "pk": 690, "fields": {"question": 173, "text": "wrong answer no 1 to question no 9", "correct": false}}, {"model": "question.answer", "pk": 691, "fields": {"question": 173, "text": "wrong answer no 2 to question no 9", "correct": false}}, {"model": "question.answer", "pk": 692, "fields": {"question": 173, "text": "wrong answer no 3 to question no 9", "correct": false}}, {"model": "question.answer", "pk": 693, "fields": {"question": 174, "text": "correct answer to question no 10", "correct": true}}, {"model": "question.answer", "pk": 694, "fields": {"question": 174, "text": "wrong answer no 1 to question no 10", "correct": false}}, {"model": "question.answer", "pk": 695, "fields": {"question": 174, "text": "wrong answer no 2 to question no 10", "correct": false}}, {"model": "question.answer", "pk": 696, "fields": {"question": 174, "text": "wrong answer no 3 to question no 10", "correct": false}}, {"model": "question.answer", "pk": 697, "fields": {"question": 175, "text": "correct answer to question no 11", "correct": true}}, {"model": "question.answer", "pk": 698, "fields": {"question": 175, "text": "wrong answer no 1 to question no 11", "correct": false}}, {"model": "question.answer", "pk": 699, "fields": {"question": 175, "text": "wrong answer no 2 to question no 11", "correct": false}}, {"model": "question.answer", "pk": 700, "fields": {"question": 175, "text": "wrong answer no 3 to question no 11", "correct": false}}, {"model": "question.answer", "pk": 701, "fields": {"question": 176, "text": "correct answer to question no 12", "correct": true}}, {"model": "question.answer", "pk": 702, "fields": {"question": 176, "text": "wrong answer no 1 to question no 12", "correct": false}}, {"model": "question.answer", "pk": 703, "fields": {"question": 176, "text": "wrong answer no 2 to question no 12", "correct": false}}, {"model": "question.answer", "pk": 704, "fields": {"question": 176, "text": "wrong answer no 3 to question no 12", "correct": false}}, {"model": "question.answer", "pk": 705, "fields": {"question": 177, "text": "correct answer to question no 13", "correct": true}}, {"model": "question.answer", "pk": 706, "fields": {"question": 177, "text": "wrong answer no 1 to question no 13", "correct": false}}, {"model": "question.answer", "pk": 707, "fields": {"question": 177, "text": "wrong answer no 2 to question no 13", "correct": false}}, {"model": "question.answer", "pk": 708, "fields": {"question": 177, "text": "wrong answer no 3 to question no 13", "correct": false}}, {"model": "question.answer", "pk": 709, "fields": {"question": 178, "text": "correct answer to question no 14", "correct": true}}, {"model": "question.answer", "pk": 710, "fields": {"question": 178, "text": "wrong answer no 1 to question no 14", "correct": false}}, {"model": "question.answer", "pk": 711, "fields": {"question": 178, "text": "wrong answer no 2 to question no 14", "correct": false}}, {"model": "question.answer", "pk": 712, "fields": {"question": 178, "text": "wrong answer no 3 to question no 14", "correct": false}}, {"model": "question.answer", "pk": 713, "fields": {"question": 179, "text": "correct answer to question no 15", "correct": true}}, {"model": "question.answer", "pk": 714, "fields": {"question": 179, "text": "wrong answer no 1 to question no 15", "correct": false}}, {"model": "question.answer", "pk": 715, "fields": {"question": 179, "text": "wrong answer no 2 to question no 15", "correct": false}}, {"model": "question.answer", "pk": 716, "fields": {"question": 179, "text": "wrong answer no 3 to question no 15", "correct": false}}, {"model": "question.answer", "pk": 717, "fields": {"question": 180, "text": "correct answer to question no 16", "correct": true}}, {"model": "question.answer", "pk": 718, "fields": {"question": 180, "text": "wrong answer no 1 to question no 16", "correct": false}}, {"model": "question.answer", "pk": 719, "fields": {"question": 180, "text": "wrong answer no 2 to question no 16", "correct": false}}, {"model": "question.answer", "pk": 720, "fields": {"question": 180, "text": "wrong answer no 3 to question no 16", "correct": false}}, {"model": "question.answer", "pk": 721, "fields": {"question": 181, "text": "", "correct": true}}, {"model": "question.answer", "pk": 722, "fields": {"question": 181, "text": "", "correct": false}}, {"model": "question.answer", "pk": 723, "fields": {"question": 181, "text": "", "correct": false}}, {"model": "question.answer", "pk": 724, "fields": {"question": 181, "text": "", "correct": false}}, {"model": "question.answer", "pk": 725, "fields": {"question": 182, "text": "", "correct": true}}, {"model": "question.answer", "pk": 726, "fields": {"question": 182, "text": "", "correct": false}}, {"model": "question.answer", "pk": 727, "fields": {"question": 182, "text": "", "correct": false}}, {"model": "question.answer", "pk": 728, "fields": {"question": 182, "text": "", "correct": false}}, {"model": "question.answer", "pk": 729, "fields": {"question": 183, "text": "", "correct": true}}, {"model": "question.answer", "pk": 730, "fields": {"question": 183, "text": "", "correct": false}}, {"model": "question.answer", "pk": 731, "fields": {"question": 183, "text": "", "correct": false}}, {"model": "question.answer", "pk": 732, "fields": {"question": 183, "text": "", "correct": false}}, {"model": "question.answer", "pk": 733, "fields": {"question": 184, "text": "", "correct": true}}, {"model": "question.answer", "pk": 734, "fields": {"question": 184, "text": "", "correct": false}}, {"model": "question.answer", "pk": 735, "fields": {"question": 184, "text": "", "correct": false}}, {"model": "question.answer", "pk": 736, "fields": {"question": 184, "text": "", "correct": false}}, {"model": "question.answer", "pk": 737, "fields": {"question": 185, "text": "", "correct": true}}, {"model": "question.answer", "pk": 738, "fields": {"question": 185, "text": "", "correct": false}}, {"model": "question.answer", "pk": 739, "fields": {"question": 185, "text": "", "correct": false}}, {"model": "question.answer", "pk": 740, "fields": {"question": 185, "text": "", "correct": false}}, {"model": "question.answer", "pk": 741, "fields": {"question": 186, "text": "", "correct": true}}, {"model": "question.answer", "pk": 742, "fields": {"question": 186, "text": "", "correct": false}}, {"model": "question.answer", "pk": 743, "fields": {"question": 186, "text": "", "correct": false}}, {"model": "question.answer", "pk": 744, "fields": {"question": 186, "text": "", "correct": false}}, {"model": "question.answer", "pk": 745, "fields": {"question": 187, "text": "explanation to question no 1", "correct": true}}, {"model": "question.answer", "pk": 746, "fields": {"question": 187, "text": "correct answer to question no 1", "correct": false}}, {"model": "question.answer", "pk": 747, "fields": {"question": 187, "text": "wrong answer no 1 to question no 1", "correct": false}}, {"model": "question.answer", "pk": 748, "fields": {"question": 187, "text": "wrong answer no 2 to question no 1", "correct": false}}, {"model": "question.answer", "pk": 749, "fields": {"question": 188, "text": "explanation to question no 2", "correct": true}}, {"model": "question.answer", "pk": 750, "fields": {"question": 188, "text": "correct answer to question no 2", "correct": false}}, {"model": "question.answer", "pk": 751, "fields": {"question": 188, "text": "wrong answer no 1 to question no 2", "correct": false}}, {"model": "question.answer", "pk": 752, "fields": {"question": 188, "text": "wrong answer no 2 to question no 2", "correct": false}}, {"model": "question.answer", "pk": 753, "fields": {"question": 189, "text": "explanation to question no 3", "correct": true}}, {"model": "question.answer", "pk": 754, "fields": {"question": 189, "text": "correct answer to question no 3", "correct": false}}, {"model": "question.answer", "pk": 755, "fields": {"question": 189, "text": "wrong answer no 1 to question no 3", "correct": false}}, {"model": "question.answer", "pk": 756, "fields": {"question": 189, "text": "wrong answer no 2 to question no 3", "correct": false}}, {"model": "question.answer", "pk": 757, "fields": {"question": 190, "text": "explanation to question no 4", "correct": true}}, {"model": "question.answer", "pk": 758, "fields": {"question": 190, "text": "correct answer to question no 4", "correct": false}}, {"model": "question.answer", "pk": 759, "fields": {"question": 190, "text": "wrong answer no 1 to question no 4", "correct": false}}, {"model": "question.answer", "pk": 760, "fields": {"question": 190, "text": "wrong answer no 2 to question no 4", "correct": false}}, {"model": "question.answer", "pk": 761, "fields": {"question": 191, "text": "explanation to question no 5", "correct": true}}, {"model": "question.answer", "pk": 762, "fields": {"question": 191, "text": "correct answer to question no 5", "correct": false}}, {"model": "question.answer", "pk": 763, "fields": {"question": 191, "text": "wrong answer no 1 to question no 5", "correct": false}}, {"model": "question.answer", "pk": 764, "fields": {"question": 191, "text": "wrong answer no 2 to question no 5", "correct": false}}, {"model": "question.answer", "pk": 765, "fields": {"question": 192, "text": "explanation to question no 6", "correct": true}}, {"model": "question.answer", "pk": 766, "fields": {"question": 192, "text": "correct answer to question no 6", "correct": false}}, {"model": "question.answer", "pk": 767, "fields": {"question": 192, "text": "wrong answer no 1 to question no 6", "correct": false}}, {"model": "question.answer", "pk": 768, "fields": {"question": 192, "text": "wrong answer no 2 to question no 6", "correct": false}}, {"model": "question.answer", "pk": 769, "fields": {"question": 193, "text": "", "correct": true}}, {"model": "question.answer", "pk": 770, "fields": {"question": 193, "text": "", "correct": false}}, {"model": "question.answer", "pk": 771, "fields": {"question": 193, "text": "", "correct": false}}, {"model": "question.answer", "pk": 772, "fields": {"question": 193, "text": "", "correct": false}}, {"model": "question.answer", "pk": 773, "fields": {"question": 194, "text": "", "correct": true}}, {"model": "question.answer", "pk": 774, "fields": {"question": 194, "text": "", "correct": false}}, {"model": "question.answer", "pk": 775, "fields": {"question": 194, "text": "", "correct": false}}, {"model": "question.answer", "pk": 776, "fields": {"question": 194, "text": "", "correct": false}}, {"model": "question.answer", "pk": 777, "fields": {"question": 195, "text": "", "correct": true}}, {"model": "question.answer", "pk": 778, "fields": {"question": 195, "text": "", "correct": false}}, {"model": "question.answer", "pk": 779, "fields": {"question": 195, "text": "", "correct": false}}, {"model": "question.answer", "pk": 780, "fields": {"question": 195, "text": "", "correct": false}}, {"model": "question.answer", "pk": 781, "fields": {"question": 196, "text": "", "correct": true}}, {"model": "question.answer", "pk": 782, "fields": {"question": 196, "text": "", "correct": false}}, {"model": "question.answer", "pk": 783, "fields": {"question": 196, "text": "", "correct": false}}, {"model": "question.answer", "pk": 784, "fields": {"question": 196, "text": "", "correct": false}}, {"model": "question.answer", "pk": 785, "fields": {"question": 197, "text": "", "correct": true}}, {"model": "question.answer", "pk": 786, "fields": {"question": 197, "text": "", "correct": false}}, {"model": "question.answer", "pk": 787, "fields": {"question": 197, "text": "", "correct": false}}, {"model": "question.answer", "pk": 788, "fields": {"question": 197, "text": "", "correct": false}}, {"model": "question.answer", "pk": 789, "fields": {"question": 198, "text": "explanation to question no 7", "correct": true}}, {"model": "question.answer", "pk": 790, "fields": {"question": 198, "text": "correct answer to question no 7", "correct": false}}, {"model": "question.answer", "pk": 791, "fields": {"question": 198, "text": "wrong answer no 1 to question no 7", "correct": false}}, {"model": "question.answer", "pk": 792, "fields": {"question": 198, "text": "wrong answer no 2 to question no 7", "correct": false}}, {"model": "question.answer", "pk": 793, "fields": {"question": 199, "text": "explanation to question no 8", "correct": true}}, {"model": "question.answer", "pk": 794, "fields": {"question": 199, "text": "correct answer to question no 8", "correct": false}}, {"model": "question.answer", "pk": 795, "fields": {"question": 199, "text": "wrong answer no 1 to question no 8", "correct": false}}, {"model": "question.answer", "pk": 796, "fields": {"question": 199, "text": "wrong answer no 2 to question no 8", "correct": false}}, {"model": "question.answer", "pk": 797, "fields": {"question": 200, "text": "explanation to question no 9", "correct": true}}, {"model": "question.answer", "pk": 798, "fields": {"question": 200, "text": "correct answer to question no 9", "correct": false}}, {"model": "question.answer", "pk": 799, "fields": {"question": 200, "text": "wrong answer no 1 to question no 9", "correct": false}}, {"model": "question.answer", "pk": 800, "fields": {"question": 200, "text": "wrong answer no 2 to question no 9", "correct": false}}, {"model": "question.answer", "pk": 801, "fields": {"question": 201, "text": "explanation to question no 10", "correct": true}}, {"model": "question.answer", "pk": 802, "fields": {"question": 201, "text": "correct answer to question no 10", "correct": false}}, {"model": "question.answer", "pk": 803, "fields": {"question": 201, "text": "wrong answer no 1 to question no 10", "correct": false}}, {"model": "question.answer", "pk": 804, "fields": {"question": 201, "text": "wrong answer no 2 to question no 10", "correct": false}}, {"model": "question.answer", "pk": 805, "fields": {"question": 202, "text": "explanation to question no 11", "correct": true}}, {"model": "question.answer", "pk": 806, "fields": {"question": 202, "text": "correct answer to question no 11", "correct": false}}, {"model": "question.answer", "pk": 807, "fields": {"question": 202, "text": "wrong answer no 1 to question no 11", "correct": false}}, {"model": "question.answer", "pk": 808, "fields": {"question": 202, "text": "wrong answer no 2 to question no 11", "correct": false}}, {"model": "question.answer", "pk": 809, "fields": {"question": 203, "text": "", "correct": true}}, {"model": "question.answer", "pk": 810, "fields": {"question": 203, "text": "", "correct": false}}, {"model": "question.answer", "pk": 811, "fields": {"question": 203, "text": "", "correct": false}}, {"model": "question.answer", "pk": 812, "fields": {"question": 203, "text": "", "correct": false}}, {"model": "question.answer", "pk": 813, "fields": {"question": 204, "text": "", "correct": true}}, {"model": "question.answer", "pk": 814, "fields": {"question": 204, "text": "", "correct": false}}, {"model": "question.answer", "pk": 815, "fields": {"question": 204, "text": "", "correct": false}}, {"model": "question.answer", "pk": 816, "fields": {"question": 204, "text": "", "correct": false}}, {"model": "question.answer", "pk": 817, "fields": {"question": 205, "text": "", "correct": true}}, {"model": "question.answer", "pk": 818, "fields": {"question": 205, "text": "", "correct": false}}, {"model": "question.answer", "pk": 819, "fields": {"question": 205, "text": "", "correct": false}}, {"model": "question.answer", "pk": 820, "fields": {"question": 205, "text": "", "correct": false}}, {"model": "question.answer", "pk": 821, "fields": {"question": 206, "text": "", "correct": true}}, {"model": "question.answer", "pk": 822, "fields": {"question": 206, "text": "", "correct": false}}, {"model": "question.answer", "pk": 823, "fields": {"question": 206, "text": "", "correct": false}}, {"model": "question.answer", "pk": 824, "fields": {"question": 206, "text": "", "correct": false}}, {"model": "question.answer", "pk": 825, "fields": {"question": 207, "text": "", "correct": true}}, {"model": "question.answer", "pk": 826, "fields": {"question": 207, "text": "", "correct": false}}, {"model": "question.answer", "pk": 827, "fields": {"question": 207, "text": "", "correct": false}}, {"model": "question.answer", "pk": 828, "fields": {"question": 207, "text": "", "correct": false}}, {"model": "question.answer", "pk": 829, "fields": {"question": 208, "text": "", "correct": true}}, {"model": "question.answer", "pk": 830, "fields": {"question": 208, "text": "", "correct": false}}, {"model": "question.answer", "pk": 831, "fields": {"question": 208, "text": "", "correct": false}}, {"model": "question.answer", "pk": 832, "fields": {"question": 208, "text": "", "correct": false}}, {"model": "question.answer", "pk": 833, "fields": {"question": 209, "text": "", "correct": true}}, {"model": "question.answer", "pk": 834, "fields": {"question": 209, "text": "", "correct": false}}, {"model": "question.answer", "pk": 835, "fields": {"question": 209, "text": "", "correct": false}}, {"model": "question.answer", "pk": 836, "fields": {"question": 209, "text": "", "correct": false}}, {"model": "question.answer", "pk": 837, "fields": {"question": 210, "text": "explanation to question no 1", "correct": true}}, {"model": "question.answer", "pk": 838, "fields": {"question": 210, "text": "correct answer to question no 1", "correct": false}}, {"model": "question.answer", "pk": 839, "fields": {"question": 210, "text": "wrong answer no 1 to question no 1", "correct": false}}, {"model": "question.answer", "pk": 840, "fields": {"question": 210, "text": "wrong answer no 2 to question no 1", "correct": false}}, {"model": "question.answer", "pk": 841, "fields": {"question": 211, "text": "explanation to question no 2", "correct": true}}, {"model": "question.answer", "pk": 842, "fields": {"question": 211, "text": "correct answer to question no 2", "correct": false}}, {"model": "question.answer", "pk": 843, "fields": {"question": 211, "text": "wrong answer no 1 to question no 2", "correct": false}}, {"model": "question.answer", "pk": 844, "fields": {"question": 211, "text": "wrong answer no 2 to question no 2", "correct": false}}, {"model": "question.answer", "pk": 845, "fields": {"question": 212, "text": "explanation to question no 3", "correct": true}}, {"model": "question.answer", "pk": 846, "fields": {"question": 212, "text": "correct answer to question no 3", "correct": false}}, {"model": "question.answer", "pk": 847, "fields": {"question": 212, "text": "wrong answer no 1 to question no 3", "correct": false}}, {"model": "question.answer", "pk": 848, "fields": {"question": 212, "text": "wrong answer no 2 to question no 3", "correct": false}}, {"model": "question.answer", "pk": 849, "fields": {"question": 213, "text": "explanation to question no 4", "correct": true}}, {"model": "question.answer", "pk": 850, "fields": {"question": 213, "text": "correct answer to question no 4", "correct": false}}, {"model": "question.answer", "pk": 851, "fields": {"question": 213, "text": "wrong answer no 1 to question no 4", "correct": false}}, {"model": "question.answer", "pk": 852, "fields": {"question": 213, "text": "wrong answer no 2 to question no 4", "correct": false}}, {"model": "question.answer", "pk": 853, "fields": {"question": 214, "text": "explanation to question no 5", "correct": true}}, {"model": "question.answer", "pk": 854, "fields": {"question": 214, "text": "correct answer to question no 5", "correct": false}}, {"model": "question.answer", "pk": 855, "fields": {"question": 214, "text": "wrong answer no 1 to question no 5", "correct": false}}, {"model": "question.answer", "pk": 856, "fields": {"question": 214, "text": "wrong answer no 2 to question no 5", "correct": false}}, {"model": "question.answer", "pk": 857, "fields": {"question": 215, "text": "explanation to question no 6", "correct": true}}, {"model": "question.answer", "pk": 858, "fields": {"question": 215, "text": "correct answer to question no 6", "correct": false}}, {"model": "question.answer", "pk": 859, "fields": {"question": 215, "text": "wrong answer no 1 to question no 6", "correct": false}}, {"model": "question.answer", "pk": 860, "fields": {"question": 215, "text": "wrong answer no 2 to question no 6", "correct": false}}, {"model": "question.answer", "pk": 861, "fields": {"question": 216, "text": "explanation to question no 7", "correct": true}}, {"model": "question.answer", "pk": 862, "fields": {"question": 216, "text": "correct answer to question no 7", "correct": false}}, {"model": "question.answer", "pk": 863, "fields": {"question": 216, "text": "wrong answer no 1 to question no 7", "correct": false}}, {"model": "question.answer", "pk": 864, "fields": {"question": 216, "text": "wrong answer no 2 to question no 7", "correct": false}}, {"model": "question.answer", "pk": 865, "fields": {"question": 217, "text": "explanation to question no 8", "correct": true}}, {"model": "question.answer", "pk": 866, "fields": {"question": 217, "text": "correct answer to question no 8", "correct": false}}, {"model": "question.answer", "pk": 867, "fields": {"question": 217, "text": "wrong answer no 1 to question no 8", "correct": false}}, {"model": "question.answer", "pk": 868, "fields": {"question": 217, "text": "wrong answer no 2 to question no 8", "correct": false}}, {"model": "question.answer", "pk": 869, "fields": {"question": 218, "text": "explanation to question no 9", "correct": true}}, {"model": "question.answer", "pk": 870, "fields": {"question": 218, "text": "correct answer to question no 9", "correct": false}}, {"model": "question.answer", "pk": 871, "fields": {"question": 218, "text": "wrong answer no 1 to question no 9", "correct": false}}, {"model": "question.answer", "pk": 872, "fields": {"question": 218, "text": "wrong answer no 2 to question no 9", "correct": false}}, {"model": "question.answer", "pk": 873, "fields": {"question": 219, "text": "explanation to question no 10", "correct": true}}, {"model": "question.answer", "pk": 874, "fields": {"question": 219, "text": "correct answer to question no 10", "correct": false}}, {"model": "question.answer", "pk": 875, "fields": {"question": 219, "text": "wrong answer no 1 to question no 10", "correct": false}}, {"model": "question.answer", "pk": 876, "fields": {"question": 219, "text": "wrong answer no 2 to question no 10", "correct": false}}, {"model": "question.answer", "pk": 877, "fields": {"question": 220, "text": "explanation to question no 11", "correct": true}}, {"model": "question.answer", "pk": 878, "fields": {"question": 220, "text": "correct answer to question no 11", "correct": false}}, {"model": "question.answer", "pk": 879, "fields": {"question": 220, "text": "wrong answer no 1 to question no 11", "correct": false}}, {"model": "question.answer", "pk": 880, "fields": {"question": 220, "text": "wrong answer no 2 to question no 11", "correct": false}}, {"model": "question.answer", "pk": 881, "fields": {"question": 221, "text": "explanation to question no 12", "correct": true}}, {"model": "question.answer", "pk": 882, "fields": {"question": 221, "text": "correct answer to question no 12", "correct": false}}, {"model": "question.answer", "pk": 883, "fields": {"question": 221, "text": "wrong answer no 1 to question no 12", "correct": false}}, {"model": "question.answer", "pk": 884, "fields": {"question": 221, "text": "wrong answer no 2 to question no 12", "correct": false}}, {"model": "question.answer", "pk": 885, "fields": {"question": 222, "text": "explanation to question no 13", "correct": true}}, {"model": "question.answer", "pk": 886, "fields": {"question": 222, "text": "correct answer to question no 13", "correct": false}}, {"model": "question.answer", "pk": 887, "fields": {"question": 222, "text": "wrong answer no 1 to question no 13", "correct": false}}, {"model": "question.answer", "pk": 888, "fields": {"question": 222, "text": "wrong answer no 2 to question no 13", "correct": false}}, {"model": "question.answer", "pk": 889, "fields": {"question": 223, "text": "explanation to question no 14", "correct": true}}, {"model": "question.answer", "pk": 890, "fields": {"question": 223, "text": "correct answer to question no 14", "correct": false}}, {"model": "question.answer", "pk": 891, "fields": {"question": 223, "text": "wrong answer no 1 to question no 14", "correct": false}}, {"model": "question.answer", "pk": 892, "fields": {"question": 223, "text": "wrong answer no 2 to question no 14", "correct": false}}, {"model": "question.answer", "pk": 893, "fields": {"question": 224, "text": "explanation to question no 15", "correct": true}}, {"model": "question.answer", "pk": 894, "fields": {"question": 224, "text": "correct answer to question no 15", "correct": false}}, {"model": "question.answer", "pk": 895, "fields": {"question": 224, "text": "wrong answer no 1 to question no 15", "correct": false}}, {"model": "question.answer", "pk": 896, "fields": {"question": 224, "text": "wrong answer no 2 to question no 15", "correct": false}}, {"model": "question.answer", "pk": 897, "fields": {"question": 225, "text": "explanation to question no 16", "correct": true}}, {"model": "question.answer", "pk": 898, "fields": {"question": 225, "text": "correct answer to question no 16", "correct": false}}, {"model": "question.answer", "pk": 899, "fields": {"question": 225, "text": "wrong answer no 1 to question no 16", "correct": false}}, {"model": "question.answer", "pk": 900, "fields": {"question": 225, "text": "wrong answer no 2 to question no 16", "correct": false}}, {"model": "question.answer", "pk": 901, "fields": {"question": 226, "text": "explanation to question no 17", "correct": true}}, {"model": "question.answer", "pk": 902, "fields": {"question": 226, "text": "correct answer to question no 17", "correct": false}}, {"model": "question.answer", "pk": 903, "fields": {"question": 226, "text": "wrong answer no 1 to question no 17", "correct": false}}, {"model": "question.answer", "pk": 904, "fields": {"question": 226, "text": "wrong answer no 2 to question no 17", "correct": false}}, {"model": "question.answer", "pk": 905, "fields": {"question": 227, "text": "explanation to question no 18", "correct": true}}, {"model": "question.answer", "pk": 906, "fields": {"question": 227, "text": "correct answer to question no 18", "correct": false}}, {"model": "question.answer", "pk": 907, "fields": {"question": 227, "text": "wrong answer no 1 to question no 18", "correct": false}}, {"model": "question.answer", "pk": 908, "fields": {"question": 227, "text": "wrong answer no 2 to question no 18", "correct": false}}, {"model": "question.answer", "pk": 909, "fields": {"question": 228, "text": "explanation to question no 19", "correct": true}}, {"model": "question.answer", "pk": 910, "fields": {"question": 228, "text": "correct answer to question no 19", "correct": false}}, {"model": "question.answer", "pk": 911, "fields": {"question": 228, "text": "wrong answer no 1 to question no 19", "correct": false}}, {"model": "question.answer", "pk": 912, "fields": {"question": 228, "text": "wrong answer no 2 to question no 19", "correct": false}}, {"model": "question.answer", "pk": 913, "fields": {"question": 229, "text": "explanation to question no 20", "correct": true}}, {"model": "question.answer", "pk": 914, "fields": {"question": 229, "text": "correct answer to question no 20", "correct": false}}, {"model": "question.answer", "pk": 915, "fields": {"question": 229, "text": "wrong answer no 1 to question no 20", "correct": false}}, {"model": "question.answer", "pk": 916, "fields": {"question": 229, "text": "wrong answer no 2 to question no 20", "correct": false}}, {"model": "question.answer", "pk": 917, "fields": {"question": 230, "text": "explanation to question no 21", "correct": true}}, {"model": "question.answer", "pk": 918, "fields": {"question": 230, "text": "correct answer to question no 21", "correct": false}}, {"model": "question.answer", "pk": 919, "fields": {"question": 230, "text": "wrong answer no 1 to question no 21", "correct": false}}, {"model": "question.answer", "pk": 920, "fields": {"question": 230, "text": "wrong answer no 2 to question no 21", "correct": false}}, {"model": "question.answer", "pk": 921, "fields": {"question": 231, "text": "explanation to question no 22", "correct": true}}, {"model": "question.answer", "pk": 922, "fields": {"question": 231, "text": "correct answer to question no 22", "correct": false}}, {"model": "question.answer", "pk": 923, "fields": {"question": 231, "text": "wrong answer no 1 to question no 22", "correct": false}}, {"model": "question.answer", "pk": 924, "fields": {"question": 231, "text": "wrong answer no 2 to question no 22", "correct": false}}, {"model": "question.answer", "pk": 925, "fields": {"question": 232, "text": "explanation to question no 23", "correct": true}}, {"model": "question.answer", "pk": 926, "fields": {"question": 232, "text": "correct answer to question no 23", "correct": false}}, {"model": "question.answer", "pk": 927, "fields": {"question": 232, "text": "wrong answer no 1 to question no 23", "correct": false}}, {"model": "question.answer", "pk": 928, "fields": {"question": 232, "text": "wrong answer no 2 to question no 23", "correct": false}}, {"model": "question.answer", "pk": 929, "fields": {"question": 233, "text": "explanation to question no 24", "correct": true}}, {"model": "question.answer", "pk": 930, "fields": {"question": 233, "text": "correct answer to question no 24", "correct": false}}, {"model": "question.answer", "pk": 931, "fields": {"question": 233, "text": "wrong answer no 1 to question no 24", "correct": false}}, {"model": "question.answer", "pk": 932, "fields": {"question": 233, "text": "wrong answer no 2 to question no 24", "correct": false}}, {"model": "question.answer", "pk": 933, "fields": {"question": 234, "text": "explanation to question no 25", "correct": true}}, {"model": "question.answer", "pk": 934, "fields": {"question": 234, "text": "correct answer to question no 25", "correct": false}}, {"model": "question.answer", "pk": 935, "fields": {"question": 234, "text": "wrong answer no 1 to question no 25", "correct": false}}, {"model": "question.answer", "pk": 936, "fields": {"question": 234, "text": "wrong answer no 2 to question no 25", "correct": false}}, {"model": "question.answer", "pk": 937, "fields": {"question": 235, "text": "explanation to question no 26", "correct": true}}, {"model": "question.answer", "pk": 938, "fields": {"question": 235, "text": "correct answer to question no 26", "correct": false}}, {"model": "question.answer", "pk": 939, "fields": {"question": 235, "text": "wrong answer no 1 to question no 26", "correct": false}}, {"model": "question.answer", "pk": 940, "fields": {"question": 235, "text": "wrong answer no 2 to question no 26", "correct": false}}, {"model": "question.answer", "pk": 941, "fields": {"question": 236, "text": "explanation to question no 27", "correct": true}}, {"model": "question.answer", "pk": 942, "fields": {"question": 236, "text": "correct answer to question no 27", "correct": false}}, {"model": "question.answer", "pk": 943, "fields": {"question": 236, "text": "wrong answer no 1 to question no 27", "correct": false}}, {"model": "question.answer", "pk": 944, "fields": {"question": 236, "text": "wrong answer no 2 to question no 27", "correct": false}}, {"model": "question.answer", "pk": 945, "fields": {"question": 237, "text": "explanation to question no 28", "correct": true}}, {"model": "question.answer", "pk": 946, "fields": {"question": 237, "text": "correct answer to question no 28", "correct": false}}, {"model": "question.answer", "pk": 947, "fields": {"question": 237, "text": "wrong answer no 1 to question no 28", "correct": false}}, {"model": "question.answer", "pk": 948, "fields": {"question": 237, "text": "wrong answer no 2 to question no 28", "correct": false}}, {"model": "question.answer", "pk": 949, "fields": {"question": 238, "text": "explanation to question no 29", "correct": true}}, {"model": "question.answer", "pk": 950, "fields": {"question": 238, "text": "correct answer to question no 29", "correct": false}}, {"model": "question.answer", "pk": 951, "fields": {"question": 238, "text": "wrong answer no 1 to question no 29", "correct": false}}, {"model": "question.answer", "pk": 952, "fields": {"question": 238, "text": "wrong answer no 2 to question no 29", "correct": false}}, {"model": "question.answer", "pk": 953, "fields": {"question": 239, "text": "explanation to question no 30", "correct": true}}, {"model": "question.answer", "pk": 954, "fields": {"question": 239, "text": "correct answer to question no 30", "correct": false}}, {"model": "question.answer", "pk": 955, "fields": {"question": 239, "text": "wrong answer no 1 to question no 30", "correct": false}}, {"model": "question.answer", "pk": 956, "fields": {"question": 239, "text": "wrong answer no 2 to question no 30", "correct": false}}, {"model": "question.answer", "pk": 957, "fields": {"question": 240, "text": "explanation to question no 31", "correct": true}}, {"model": "question.answer", "pk": 958, "fields": {"question": 240, "text": "correct answer to question no 31", "correct": false}}, {"model": "question.answer", "pk": 959, "fields": {"question": 240, "text": "wrong answer no 1 to question no 31", "correct": false}}, {"model": "question.answer", "pk": 960, "fields": {"question": 240, "text": "wrong answer no 2 to question no 31", "correct": false}}, {"model": "question.answer", "pk": 961, "fields": {"question": 241, "text": "explanation to question no 32", "correct": true}}, {"model": "question.answer", "pk": 962, "fields": {"question": 241, "text": "correct answer to question no 32", "correct": false}}, {"model": "question.answer", "pk": 963, "fields": {"question": 241, "text": "wrong answer no 1 to question no 32", "correct": false}}, {"model": "question.answer", "pk": 964, "fields": {"question": 241, "text": "wrong answer no 2 to question no 32", "correct": false}}, {"model": "question.answer", "pk": 965, "fields": {"question": 242, "text": "explanation to question no 33", "correct": true}}, {"model": "question.answer", "pk": 966, "fields": {"question": 242, "text": "correct answer to question no 33", "correct": false}}, {"model": "question.answer", "pk": 967, "fields": {"question": 242, "text": "wrong answer no 1 to question no 33", "correct": false}}, {"model": "question.answer", "pk": 968, "fields": {"question": 242, "text": "wrong answer no 2 to question no 33", "correct": false}}, {"model": "question.answer", "pk": 969, "fields": {"question": 243, "text": "explanation to question no 34", "correct": true}}, {"model": "question.answer", "pk": 970, "fields": {"question": 243, "text": "correct answer to question no 34", "correct": false}}, {"model": "question.answer", "pk": 971, "fields": {"question": 243, "text": "wrong answer no 1 to question no 34", "correct": false}}, {"model": "question.answer", "pk": 972, "fields": {"question": 243, "text": "wrong answer no 2 to question no 34", "correct": false}}, {"model": "question.answer", "pk": 973, "fields": {"question": 244, "text": "explanation to question no 1", "correct": true}}, {"model": "question.answer", "pk": 974, "fields": {"question": 244, "text": "correct answer to question no 1", "correct": false}}, {"model": "question.answer", "pk": 975, "fields": {"question": 244, "text": "wrong answer no 1 to question no 1", "correct": false}}, {"model": "question.answer", "pk": 976, "fields": {"question": 244, "text": "wrong answer no 2 to question no 1", "correct": false}}, {"model": "question.answer", "pk": 977, "fields": {"question": 245, "text": "explanation to question no 2", "correct": true}}, {"model": "question.answer", "pk": 978, "fields": {"question": 245, "text": "correct answer to question no 2", "correct": false}}, {"model": "question.answer", "pk": 979, "fields": {"question": 245, "text": "wrong answer no 1 to question no 2", "correct": false}}, {"model": "question.answer", "pk": 980, "fields": {"question": 245, "text": "wrong answer no 2 to question no 2", "correct": false}}, {"model": "question.answer", "pk": 981, "fields": {"question": 246, "text": "explanation to question no 3", "correct": true}}, {"model": "question.answer", "pk": 982, "fields": {"question": 246, "text": "correct answer to question no 3", "correct": false}}, {"model": "question.answer", "pk": 983, "fields": {"question": 246, "text": "wrong answer no 1 to question no 3", "correct": false}}, {"model": "question.answer", "pk": 984, "fields": {"question": 246, "text": "wrong answer no 2 to question no 3", "correct": false}}, {"model": "question.answer", "pk": 985, "fields": {"question": 247, "text": "explanation to question no 4", "correct": true}}, {"model": "question.answer", "pk": 986, "fields": {"question": 247, "text": "correct answer to question no 4", "correct": false}}, {"model": "question.answer", "pk": 987, "fields": {"question": 247, "text": "wrong answer no 1 to question no 4", "correct": false}}, {"model": "question.answer", "pk": 988, "fields": {"question": 247, "text": "wrong answer no 2 to question no 4", "correct": false}}, {"model": "question.answer", "pk": 989, "fields": {"question": 248, "text": "explanation to question no 5", "correct": true}}, {"model": "question.answer", "pk": 990, "fields": {"question": 248, "text": "correct answer to question no 5", "correct": false}}, {"model": "question.answer", "pk": 991, "fields": {"question": 248, "text": "wrong answer no 1 to question no 5", "correct": false}}, {"model": "question.answer", "pk": 992, "fields": {"question": 248, "text": "wrong answer no 2 to question no 5", "correct": false}}, {"model": "question.answer", "pk": 993, "fields": {"question": 249, "text": "explanation to question no 6", "correct": true}}, {"model": "question.answer", "pk": 994, "fields": {"question": 249, "text": "correct answer to question no 6", "correct": false}}, {"model": "question.answer", "pk": 995, "fields": {"question": 249, "text": "wrong answer no 1 to question no 6", "correct": false}}, {"model": "question.answer", "pk": 996, "fields": {"question": 249, "text": "wrong answer no 2 to question no 6", "correct": false}}, {"model": "question.answer", "pk": 997, "fields": {"question": 250, "text": "explanation to question no 7", "correct": true}}, {"model": "question.answer", "pk": 998, "fields": {"question": 250, "text": "correct answer to question no 7", "correct": false}}, {"model": "question.answer", "pk": 999, "fields": {"question": 250, "text": "wrong answer no 1 to question no 7", "correct": false}}, {"model": "question.answer", "pk": 1000, "fields": {"question": 250, "text": "wrong answer no 2 to question no 7", "correct": false}}, {"model": "question.answer", "pk": 1001, "fields": {"question": 251, "text": "explanation to question no 8", "correct": true}}, {"model": "question.answer", "pk": 1002, "fields": {"question": 251, "text": "correct answer to question no 8", "correct": false}}, {"model": "question.answer", "pk": 1003, "fields": {"question": 251, "text": "wrong answer no 1 to question no 8", "correct": false}}, {"model": "question.answer", "pk": 1004, "fields": {"question": 251, "text": "wrong answer no 2 to question no 8", "correct": false}}, {"model": "question.answer", "pk": 1005, "fields": {"question": 252, "text": "explanation to question no 9", "correct": true}}, {"model": "question.answer", "pk": 1006, "fields": {"question": 252, "text": "correct answer to question no 9", "correct": false}}, {"model": "question.answer", "pk": 1007, "fields": {"question": 252, "text": "wrong answer no 1 to question no 9", "correct": false}}, {"model": "question.answer", "pk": 1008, "fields": {"question": 252, "text": "wrong answer no 2 to question no 9", "correct": false}}, {"model": "question.answer", "pk": 1009, "fields": {"question": 253, "text": "explanation to question no 10", "correct": true}}, {"model": "question.answer", "pk": 1010, "fields": {"question": 253, "text": "correct answer to question no 10", "correct": false}}, {"model": "question.answer", "pk": 1011, "fields": {"question": 253, "text": "wrong answer no 1 to question no 10", "correct": false}}, {"model": "question.answer", "pk": 1012, "fields": {"question": 253, "text": "wrong answer no 2 to question no 10", "correct": false}}, {"model": "question.answer", "pk": 1013, "fields": {"question": 254, "text": "explanation to question no 11", "correct": true}}, {"model": "question.answer", "pk": 1014, "fields": {"question": 254, "text": "correct answer to question no 11", "correct": false}}, {"model": "question.answer", "pk": 1015, "fields": {"question": 254, "text": "wrong answer no 1 to question no 11", "correct": false}}, {"model": "question.answer", "pk": 1016, "fields": {"question": 254, "text": "wrong answer no 2 to question no 11", "correct": false}}, {"model": "question.answer", "pk": 1017, "fields": {"question": 255, "text": "explanation to question no 12", "correct": true}}, {"model": "question.answer", "pk": 1018, "fields": {"question": 255, "text": "correct answer to question no 12", "correct": false}}, {"model": "question.answer", "pk": 1019, "fields": {"question": 255, "text": "wrong answer no 1 to question no 12", "correct": false}}, {"model": "question.answer", "pk": 1020, "fields": {"question": 255, "text": "wrong answer no 2 to question no 12", "correct": false}}, {"model": "question.answer", "pk": 1021, "fields": {"question": 256, "text": "explanation to question no 13", "correct": true}}, {"model": "question.answer", "pk": 1022, "fields": {"question": 256, "text": "correct answer to question no 13", "correct": false}}, {"model": "question.answer", "pk": 1023, "fields": {"question": 256, "text": "wrong answer no 1 to question no 13", "correct": false}}, {"model": "question.answer", "pk": 1024, "fields": {"question": 256, "text": "wrong answer no 2 to question no 13", "correct": false}}, {"model": "question.answer", "pk": 1025, "fields": {"question": 257, "text": "explanation to question no 14", "correct": true}}, {"model": "question.answer", "pk": 1026, "fields": {"question": 257, "text": "correct answer to question no 14", "correct": false}}, {"model": "question.answer", "pk": 1027, "fields": {"question": 257, "text": "wrong answer no 1 to question no 14", "correct": false}}, {"model": "question.answer", "pk": 1028, "fields": {"question": 257, "text": "wrong answer no 2 to question no 14", "correct": false}}, {"model": "question.answer", "pk": 1029, "fields": {"question": 258, "text": "explanation to question no 15", "correct": true}}, {"model": "question.answer", "pk": 1030, "fields": {"question": 258, "text": "correct answer to question no 15", "correct": false}}, {"model": "question.answer", "pk": 1031, "fields": {"question": 258, "text": "wrong answer no 1 to question no 15", "correct": false}}, {"model": "question.answer", "pk": 1032, "fields": {"question": 258, "text": "wrong answer no 2 to question no 15", "correct": false}}, {"model": "question.answer", "pk": 1033, "fields": {"question": 259, "text": "explanation to question no 16", "correct": true}}, {"model": "question.answer", "pk": 1034, "fields": {"question": 259, "text": "correct answer to question no 16", "correct": false}}, {"model": "question.answer", "pk": 1035, "fields": {"question": 259, "text": "wrong answer no 1 to question no 16", "correct": false}}, {"model": "question.answer", "pk": 1036, "fields": {"question": 259, "text": "wrong answer no 2 to question no 16", "correct": false}}, {"model": "question.answer", "pk": 1037, "fields": {"question": 260, "text": "explanation to question no 17", "correct": true}}, {"model": "question.answer", "pk": 1038, "fields": {"question": 260, "text": "correct answer to question no 17", "correct": false}}, {"model": "question.answer", "pk": 1039, "fields": {"question": 260, "text": "wrong answer no 1 to question no 17", "correct": false}}, {"model": "question.answer", "pk": 1040, "fields": {"question": 260, "text": "wrong answer no 2 to question no 17", "correct": false}}, {"model": "question.answer", "pk": 1041, "fields": {"question": 261, "text": "explanation to question no 18", "correct": true}}, {"model": "question.answer", "pk": 1042, "fields": {"question": 261, "text": "correct answer to question no 18", "correct": false}}, {"model": "question.answer", "pk": 1043, "fields": {"question": 261, "text": "wrong answer no 1 to question no 18", "correct": false}}, {"model": "question.answer", "pk": 1044, "fields": {"question": 261, "text": "wrong answer no 2 to question no 18", "correct": false}}, {"model": "question.answer", "pk": 1045, "fields": {"question": 262, "text": "explanation to question no 19", "correct": true}}, {"model": "question.answer", "pk": 1046, "fields": {"question": 262, "text": "correct answer to question no 19", "correct": false}}, {"model": "question.answer", "pk": 1047, "fields": {"question": 262, "text": "wrong answer no 1 to question no 19", "correct": false}}, {"model": "question.answer", "pk": 1048, "fields": {"question": 262, "text": "wrong answer no 2 to question no 19", "correct": false}}, {"model": "question.answer", "pk": 1049, "fields": {"question": 263, "text": "explanation to question no 20", "correct": true}}, {"model": "question.answer", "pk": 1050, "fields": {"question": 263, "text": "correct answer to question no 20", "correct": false}}, {"model": "question.answer", "pk": 1051, "fields": {"question": 263, "text": "wrong answer no 1 to question no 20", "correct": false}}, {"model": "question.answer", "pk": 1052, "fields": {"question": 263, "text": "wrong answer no 2 to question no 20", "correct": false}}, {"model": "question.answer", "pk": 1053, "fields": {"question": 264, "text": "explanation to question no 21", "correct": true}}, {"model": "question.answer", "pk": 1054, "fields": {"question": 264, "text": "correct answer to question no 21", "correct": false}}, {"model": "question.answer", "pk": 1055, "fields": {"question": 264, "text": "wrong answer no 1 to question no 21", "correct": false}}, {"model": "question.answer", "pk": 1056, "fields": {"question": 264, "text": "wrong answer no 2 to question no 21", "correct": false}}, {"model": "question.answer", "pk": 1057, "fields": {"question": 265, "text": "explanation to question no 22", "correct": true}}, {"model": "question.answer", "pk": 1058, "fields": {"question": 265, "text": "correct answer to question no 22", "correct": false}}, {"model": "question.answer", "pk": 1059, "fields": {"question": 265, "text": "wrong answer no 1 to question no 22", "correct": false}}, {"model": "question.answer", "pk": 1060, "fields": {"question": 265, "text": "wrong answer no 2 to question no 22", "correct": false}}, {"model": "question.answer", "pk": 1061, "fields": {"question": 266, "text": "explanation to question no 23", "correct": true}}, {"model": "question.answer", "pk": 1062, "fields": {"question": 266, "text": "correct answer to question no 23", "correct": false}}, {"model": "question.answer", "pk": 1063, "fields": {"question": 266, "text": "wrong answer no 1 to question no 23", "correct": false}}, {"model": "question.answer", "pk": 1064, "fields": {"question": 266, "text": "wrong answer no 2 to question no 23", "correct": false}}, {"model": "question.answer", "pk": 1065, "fields": {"question": 267, "text": "explanation to question no 24", "correct": true}}, {"model": "question.answer", "pk": 1066, "fields": {"question": 267, "text": "correct answer to question no 24", "correct": false}}, {"model": "question.answer", "pk": 1067, "fields": {"question": 267, "text": "wrong answer no 1 to question no 24", "correct": false}}, {"model": "question.answer", "pk": 1068, "fields": {"question": 267, "text": "wrong answer no 2 to question no 24", "correct": false}}, {"model": "question.answer", "pk": 1069, "fields": {"question": 268, "text": "explanation to question no 25", "correct": true}}, {"model": "question.answer", "pk": 1070, "fields": {"question": 268, "text": "correct answer to question no 25", "correct": false}}, {"model": "question.answer", "pk": 1071, "fields": {"question": 268, "text": "wrong answer no 1 to question no 25", "correct": false}}, {"model": "question.answer", "pk": 1072, "fields": {"question": 268, "text": "wrong answer no 2 to question no 25", "correct": false}}, {"model": "question.answer", "pk": 1073, "fields": {"question": 269, "text": "explanation to question no 26", "correct": true}}, {"model": "question.answer", "pk": 1074, "fields": {"question": 269, "text": "correct answer to question no 26", "correct": false}}, {"model": "question.answer", "pk": 1075, "fields": {"question": 269, "text": "wrong answer no 1 to question no 26", "correct": false}}, {"model": "question.answer", "pk": 1076, "fields": {"question": 269, "text": "wrong answer no 2 to question no 26", "correct": false}}, {"model": "question.answer", "pk": 1077, "fields": {"question": 270, "text": "explanation to question no 27", "correct": true}}, {"model": "question.answer", "pk": 1078, "fields": {"question": 270, "text": "correct answer to question no 27", "correct": false}}, {"model": "question.answer", "pk": 1079, "fields": {"question": 270, "text": "wrong answer no 1 to question no 27", "correct": false}}, {"model": "question.answer", "pk": 1080, "fields": {"question": 270, "text": "wrong answer no 2 to question no 27", "correct": false}}, {"model": "question.answer", "pk": 1081, "fields": {"question": 271, "text": "explanation to question no 28", "correct": true}}, {"model": "question.answer", "pk": 1082, "fields": {"question": 271, "text": "correct answer to question no 28", "correct": false}}, {"model": "question.answer", "pk": 1083, "fields": {"question": 271, "text": "wrong answer no 1 to question no 28", "correct": false}}, {"model": "question.answer", "pk": 1084, "fields": {"question": 271, "text": "wrong answer no 2 to question no 28", "correct": false}}, {"model": "question.answer", "pk": 1085, "fields": {"question": 272, "text": "explanation to question no 29", "correct": true}}, {"model": "question.answer", "pk": 1086, "fields": {"question": 272, "text": "correct answer to question no 29", "correct": false}}, {"model": "question.answer", "pk": 1087, "fields": {"question": 272, "text": "wrong answer no 1 to question no 29", "correct": false}}, {"model": "question.answer", "pk": 1088, "fields": {"question": 272, "text": "wrong answer no 2 to question no 29", "correct": false}}, {"model": "question.answer", "pk": 1089, "fields": {"question": 273, "text": "explanation to question no 30", "correct": true}}, {"model": "question.answer", "pk": 1090, "fields": {"question": 273, "text": "correct answer to question no 30", "correct": false}}, {"model": "question.answer", "pk": 1091, "fields": {"question": 273, "text": "wrong answer no 1 to question no 30", "correct": false}}, {"model": "question.answer", "pk": 1092, "fields": {"question": 273, "text": "wrong answer no 2 to question no 30", "correct": false}}, {"model": "question.answer", "pk": 1093, "fields": {"question": 274, "text": "explanation to question no 31", "correct": true}}, {"model": "question.answer", "pk": 1094, "fields": {"question": 274, "text": "correct answer to question no 31", "correct": false}}, {"model": "question.answer", "pk": 1095, "fields": {"question": 274, "text": "wrong answer no 1 to question no 31", "correct": false}}, {"model": "question.answer", "pk": 1096, "fields": {"question": 274, "text": "wrong answer no 2 to question no 31", "correct": false}}, {"model": "question.answer", "pk": 1097, "fields": {"question": 275, "text": "explanation to question no 32", "correct": true}}, {"model": "question.answer", "pk": 1098, "fields": {"question": 275, "text": "correct answer to question no 32", "correct": false}}, {"model": "question.answer", "pk": 1099, "fields": {"question": 275, "text": "wrong answer no 1 to question no 32", "correct": false}}, {"model": "question.answer", "pk": 1100, "fields": {"question": 275, "text": "wrong answer no 2 to question no 32", "correct": false}}, {"model": "question.answer", "pk": 1101, "fields": {"question": 276, "text": "explanation to question no 33", "correct": true}}, {"model": "question.answer", "pk": 1102, "fields": {"question": 276, "text": "correct answer to question no 33", "correct": false}}, {"model": "question.answer", "pk": 1103, "fields": {"question": 276, "text": "wrong answer no 1 to question no 33", "correct": false}}, {"model": "question.answer", "pk": 1104, "fields": {"question": 276, "text": "wrong answer no 2 to question no 33", "correct": false}}, {"model": "question.answer", "pk": 1105, "fields": {"question": 277, "text": "explanation to question no 34", "correct": true}}, {"model": "question.answer", "pk": 1106, "fields": {"question": 277, "text": "correct answer to question no 34", "correct": false}}, {"model": "question.answer", "pk": 1107, "fields": {"question": 277, "text": "wrong answer no 1 to question no 34", "correct": false}}, {"model": "question.answer", "pk": 1108, "fields": {"question": 277, "text": "wrong answer no 2 to question no 34", "correct": false}}, {"model": "question.answer", "pk": 1109, "fields": {"question": 278, "text": "explanation to question no 35", "correct": true}}, {"model": "question.answer", "pk": 1110, "fields": {"question": 278, "text": "correct answer to question no 35", "correct": false}}, {"model": "question.answer", "pk": 1111, "fields": {"question": 278, "text": "wrong answer no 1 to question no 35", "correct": false}}, {"model": "question.answer", "pk": 1112, "fields": {"question": 278, "text": "wrong answer no 2 to question no 35", "correct": false}}, {"model": "question.answer", "pk": 1113, "fields": {"question": 279, "text": "explanation to question no 36", "correct": true}}, {"model": "question.answer", "pk": 1114, "fields": {"question": 279, "text": "correct answer to question no 36", "correct": false}}, {"model": "question.answer", "pk": 1115, "fields": {"question": 279, "text": "wrong answer no 1 to question no 36", "correct": false}}, {"model": "question.answer", "pk": 1116, "fields": {"question": 279, "text": "wrong answer no 2 to question no 36", "correct": false}}, {"model": "question.answer", "pk": 1117, "fields": {"question": 280, "text": "explanation to question no 37", "correct": true}}, {"model": "question.answer", "pk": 1118, "fields": {"question": 280, "text": "correct answer to question no 37", "correct": false}}, {"model": "question.answer", "pk": 1119, "fields": {"question": 280, "text": "wrong answer no 1 to question no 37", "correct": false}}, {"model": "question.answer", "pk": 1120, "fields": {"question": 280, "text": "wrong answer no 2 to question no 37", "correct": false}}, {"model": "question.answer", "pk": 1121, "fields": {"question": 281, "text": "explanation to question no 38", "correct": true}}, {"model": "question.answer", "pk": 1122, "fields": {"question": 281, "text": "correct answer to question no 38", "correct": false}}, {"model": "question.answer", "pk": 1123, "fields": {"question": 281, "text": "wrong answer no 1 to question no 38", "correct": false}}, {"model": "question.answer", "pk": 1124, "fields": {"question": 281, "text": "wrong answer no 2 to question no 38", "correct": false}}, {"model": "question.answer", "pk": 1125, "fields": {"question": 282, "text": "explanation to question no 39", "correct": true}}, {"model": "question.answer", "pk": 1126, "fields": {"question": 282, "text": "correct answer to question no 39", "correct": false}}, {"model": "question.answer", "pk": 1127, "fields": {"question": 282, "text": "wrong answer no 1 to question no 39", "correct": false}}, {"model": "question.answer", "pk": 1128, "fields": {"question": 282, "text": "wrong answer no 2 to question no 39", "correct": false}}, {"model": "question.answer", "pk": 1129, "fields": {"question": 283, "text": "explanation to question no 40", "correct": true}}, {"model": "question.answer", "pk": 1130, "fields": {"question": 283, "text": "correct answer to question no 40", "correct": false}}, {"model": "question.answer", "pk": 1131, "fields": {"question": 283, "text": "wrong answer no 1 to question no 40", "correct": false}}, {"model": "question.answer", "pk": 1132, "fields": {"question": 283, "text": "wrong answer no 2 to question no 40", "correct": false}}, {"model": "question.answer", "pk": 1133, "fields": {"question": 284, "text": "explanation to question no 41", "correct": true}}, {"model": "question.answer", "pk": 1134, "fields": {"question": 284, "text": "correct answer to question no 41", "correct": false}}, {"model": "question.answer", "pk": 1135, "fields": {"question": 284, "text": "wrong answer no 1 to question no 41", "correct": false}}, {"model": "question.answer", "pk": 1136, "fields": {"question": 284, "text": "wrong answer no 2 to question no 41", "correct": false}}, {"model": "question.answer", "pk": 1137, "fields": {"question": 285, "text": "explanation to question no 42", "correct": true}}, {"model": "question.answer", "pk": 1138, "fields": {"question": 285, "text": "correct answer to question no 42", "correct": false}}, {"model": "question.answer", "pk": 1139, "fields": {"question": 285, "text": "wrong answer no 1 to question no 42", "correct": false}}, {"model": "question.answer", "pk": 1140, "fields": {"question": 285, "text": "wrong answer no 2 to question no 42", "correct": false}}, {"model": "question.answer", "pk": 1141, "fields": {"question": 286, "text": "explanation to question no 43", "correct": true}}, {"model": "question.answer", "pk": 1142, "fields": {"question": 286, "text": "correct answer to question no 43", "correct": false}}, {"model": "question.answer", "pk": 1143, "fields": {"question": 286, "text": "wrong answer no 1 to question no 43", "correct": false}}, {"model": "question.answer", "pk": 1144, "fields": {"question": 286, "text": "wrong answer no 2 to question no 43", "correct": false}}, {"model": "question.answer", "pk": 1145, "fields": {"question": 287, "text": "explanation to question no 44", "correct": true}}, {"model": "question.answer", "pk": 1146, "fields": {"question": 287, "text": "correct answer to question no 44", "correct": false}}, {"model": "question.answer", "pk": 1147, "fields": {"question": 287, "text": "wrong answer no 1 to question no 44", "correct": false}}, {"model": "question.answer", "pk": 1148, "fields": {"question": 287, "text": "wrong answer no 2 to question no 44", "correct": false}}, {"model": "question.answer", "pk": 1149, "fields": {"question": 288, "text": "explanation to question no 45", "correct": true}}, {"model": "question.answer", "pk": 1150, "fields": {"question": 288, "text": "correct answer to question no 45", "correct": false}}, {"model": "question.answer", "pk": 1151, "fields": {"question": 288, "text": "wrong answer no 1 to question no 45", "correct": false}}, {"model": "question.answer", "pk": 1152, "fields": {"question": 288, "text": "wrong answer no 2 to question no 45", "correct": false}}, {"model": "question.answer", "pk": 1153, "fields": {"question": 289, "text": "explanation to question no 46", "correct": true}}, {"model": "question.answer", "pk": 1154, "fields": {"question": 289, "text": "correct answer to question no 46", "correct": false}}, {"model": "question.answer", "pk": 1155, "fields": {"question": 289, "text": "wrong answer no 1 to question no 46", "correct": false}}, {"model": "question.answer", "pk": 1156, "fields": {"question": 289, "text": "wrong answer no 2 to question no 46", "correct": false}}, {"model": "question.answer", "pk": 1157, "fields": {"question": 290, "text": "explanation to question no 47", "correct": true}}, {"model": "question.answer", "pk": 1158, "fields": {"question": 290, "text": "correct answer to question no 47", "correct": false}}, {"model": "question.answer", "pk": 1159, "fields": {"question": 290, "text": "wrong answer no 1 to question no 47", "correct": false}}, {"model": "question.answer", "pk": 1160, "fields": {"question": 290, "text": "wrong answer no 2 to question no 47", "correct": false}}, {"model": "question.answer", "pk": 1161, "fields": {"question": 291, "text": "explanation to question no 48", "correct": true}}, {"model": "question.answer", "pk": 1162, "fields": {"question": 291, "text": "correct answer to question no 48", "correct": false}}, {"model": "question.answer", "pk": 1163, "fields": {"question": 291, "text": "wrong answer no 1 to question no 48", "correct": false}}, {"model": "question.answer", "pk": 1164, "fields": {"question": 291, "text": "wrong answer no 2 to question no 48", "correct": false}}, {"model": "question.answer", "pk": 1165, "fields": {"question": 292, "text": "explanation to question no 49", "correct": true}}, {"model": "question.answer", "pk": 1166, "fields": {"question": 292, "text": "correct answer to question no 49", "correct": false}}, {"model": "question.answer", "pk": 1167, "fields": {"question": 292, "text": "wrong answer no 1 to question no 49", "correct": false}}, {"model": "question.answer", "pk": 1168, "fields": {"question": 292, "text": "wrong answer no 2 to question no 49", "correct": false}}, {"model": "question.answer", "pk": 1169, "fields": {"question": 293, "text": "explanation to question no 50", "correct": true}}, {"model": "question.answer", "pk": 1170, "fields": {"question": 293, "text": "correct answer to question no 50", "correct": false}}, {"model": "question.answer", "pk": 1171, "fields": {"question": 293, "text": "wrong answer no 1 to question no 50", "correct": false}}, {"model": "question.answer", "pk": 1172, "fields": {"question": 293, "text": "wrong answer no 2 to question no 50", "correct": false}}, {"model": "question.answer", "pk": 1173, "fields": {"question": 294, "text": "", "correct": true}}, {"model": "question.answer", "pk": 1174, "fields": {"question": 294, "text": "", "correct": false}}, {"model": "question.answer", "pk": 1175, "fields": {"question": 294, "text": "", "correct": false}}, {"model": "question.answer", "pk": 1176, "fields": {"question": 294, "text": "", "correct": false}}, {"model": "question.answer", "pk": 1177, "fields": {"question": 295, "text": "", "correct": true}}, {"model": "question.answer", "pk": 1178, "fields": {"question": 295, "text": "", "correct": false}}, {"model": "question.answer", "pk": 1179, "fields": {"question": 295, "text": "", "correct": false}}, {"model": "question.answer", "pk": 1180, "fields": {"question": 295, "text": "", "correct": false}}, {"model": "question.answer", "pk": 1181, "fields": {"question": 296, "text": "", "correct": true}}, {"model": "question.answer", "pk": 1182, "fields": {"question": 296, "text": "", "correct": false}}, {"model": "question.answer", "pk": 1183, "fields": {"question": 296, "text": "", "correct": false}}, {"model": "question.answer", "pk": 1184, "fields": {"question": 296, "text": "", "correct": false}}, {"model": "question.answer", "pk": 1185, "fields": {"question": 297, "text": "", "correct": true}}, {"model": "question.answer", "pk": 1186, "fields": {"question": 297, "text": "", "correct": false}}, {"model": "question.answer", "pk": 1187, "fields": {"question": 297, "text": "", "correct": false}}, {"model": "question.answer", "pk": 1188, "fields": {"question": 297, "text": "", "correct": false}}, {"model": "question.answer", "pk": 1189, "fields": {"question": 298, "text": "", "correct": true}}, {"model": "question.answer", "pk": 1190, "fields": {"question": 298, "text": "", "correct": false}}, {"model": "question.answer", "pk": 1191, "fields": {"question": 298, "text": "", "correct": false}}, {"model": "question.answer", "pk": 1192, "fields": {"question": 298, "text": "", "correct": false}}, {"model": "question.answer", "pk": 1193, "fields": {"question": 299, "text": "explanation to question no 1", "correct": true}}, {"model": "question.answer", "pk": 1194, "fields": {"question": 299, "text": "correct answer to question no 1", "correct": false}}, {"model": "question.answer", "pk": 1195, "fields": {"question": 299, "text": "wrong answer no 1 to question no 1", "correct": false}}, {"model": "question.answer", "pk": 1196, "fields": {"question": 299, "text": "wrong answer no 2 to question no 1", "correct": false}}, {"model": "question.answer", "pk": 1197, "fields": {"question": 300, "text": "explanation to question no 2", "correct": true}}, {"model": "question.answer", "pk": 1198, "fields": {"question": 300, "text": "correct answer to question no 2", "correct": false}}, {"model": "question.answer", "pk": 1199, "fields": {"question": 300, "text": "wrong answer no 1 to question no 2", "correct": false}}, {"model": "question.answer", "pk": 1200, "fields": {"question": 300, "text": "wrong answer no 2 to question no 2", "correct": false}}, {"model": "question.answer", "pk": 1201, "fields": {"question": 301, "text": "explanation to question no 3", "correct": true}}, {"model": "question.answer", "pk": 1202, "fields": {"question": 301, "text": "correct answer to question no 3", "correct": false}}, {"model": "question.answer", "pk": 1203, "fields": {"question": 301, "text": "wrong answer no 1 to question no 3", "correct": false}}, {"model": "question.answer", "pk": 1204, "fields": {"question": 301, "text": "wrong answer no 2 to question no 3", "correct": false}}, {"model": "question.answer", "pk": 1205, "fields": {"question": 302, "text": "explanation to question no 4", "correct": true}}, {"model": "question.answer", "pk": 1206, "fields": {"question": 302, "text": "correct answer to question no 4", "correct": false}}, {"model": "question.answer", "pk": 1207, "fields": {"question": 302, "text": "wrong answer no 1 to question no 4", "correct": false}}, {"model": "question.answer", "pk": 1208, "fields": {"question": 302, "text": "wrong answer no 2 to question no 4", "correct": false}}, {"model": "question.answer", "pk": 1209, "fields": {"question": 303, "text": "explanation to question no 5", "correct": true}}, {"model": "question.answer", "pk": 1210, "fields": {"question": 303, "text": "correct answer to question no 5", "correct": false}}, {"model": "question.answer", "pk": 1211, "fields": {"question": 303, "text": "wrong answer no 1 to question no 5", "correct": false}}, {"model": "question.answer", "pk": 1212, "fields": {"question": 303, "text": "wrong answer no 2 to question no 5", "correct": false}}, {"model": "question.answer", "pk": 1213, "fields": {"question": 304, "text": "explanation to question no 6", "correct": true}}, {"model": "question.answer", "pk": 1214, "fields": {"question": 304, "text": "correct answer to question no 6", "correct": false}}, {"model": "question.answer", "pk": 1215, "fields": {"question": 304, "text": "wrong answer no 1 to question no 6", "correct": false}}, {"model": "question.answer", "pk": 1216, "fields": {"question": 304, "text": "wrong answer no 2 to question no 6", "correct": false}}, {"model": "question.answer", "pk": 1217, "fields": {"question": 305, "text": "", "correct": true}}, {"model": "question.answer", "pk": 1218, "fields": {"question": 305, "text": "", "correct": false}}, {"model": "question.answer", "pk": 1219, "fields": {"question": 305, "text": "", "correct": false}}, {"model": "question.answer", "pk": 1220, "fields": {"question": 305, "text": "", "correct": false}}, {"model": "question.answer", "pk": 1221, "fields": {"question": 306, "text": "", "correct": true}}, {"model": "question.answer", "pk": 1222, "fields": {"question": 306, "text": "", "correct": false}}, {"model": "question.answer", "pk": 1223, "fields": {"question": 306, "text": "", "correct": false}}, {"model": "question.answer", "pk": 1224, "fields": {"question": 306, "text": "", "correct": false}}, {"model": "question.answer", "pk": 1225, "fields": {"question": 307, "text": "", "correct": true}}, {"model": "question.answer", "pk": 1226, "fields": {"question": 307, "text": "", "correct": false}}, {"model": "question.answer", "pk": 1227, "fields": {"question": 307, "text": "", "correct": false}}, {"model": "question.answer", "pk": 1228, "fields": {"question": 307, "text": "", "correct": false}}, {"model": "question.answer", "pk": 1229, "fields": {"question": 308, "text": "", "correct": true}}, {"model": "question.answer", "pk": 1230, "fields": {"question": 308, "text": "", "correct": false}}, {"model": "question.answer", "pk": 1231, "fields": {"question": 308, "text": "", "correct": false}}, {"model": "question.answer", "pk": 1232, "fields": {"question": 308, "text": "", "correct": false}}, {"model": "question.answer", "pk": 1233, "fields": {"question": 309, "text": "explanation to question no 7", "correct": true}}, {"model": "question.answer", "pk": 1234, "fields": {"question": 309, "text": "correct answer to question no 7", "correct": false}}, {"model": "question.answer", "pk": 1235, "fields": {"question": 309, "text": "wrong answer no 1 to question no 7", "correct": false}}, {"model": "question.answer", "pk": 1236, "fields": {"question": 309, "text": "wrong answer no 2 to question no 7", "correct": false}}, {"model": "question.answer", "pk": 1237, "fields": {"question": 310, "text": "explanation to question no 8", "correct": true}}, {"model": "question.answer", "pk": 1238, "fields": {"question": 310, "text": "correct answer to question no 8", "correct": false}}, {"model": "question.answer", "pk": 1239, "fields": {"question": 310, "text": "wrong answer no 1 to question no 8", "correct": false}}, {"model": "question.answer", "pk": 1240, "fields": {"question": 310, "text": "wrong answer no 2 to question no 8", "correct": false}}, {"model": "question.answer", "pk": 1241, "fields": {"question": 311, "text": "explanation to question no 9", "correct": true}}, {"model": "question.answer", "pk": 1242, "fields": {"question": 311, "text": "correct answer to question no 9", "correct": false}}, {"model": "question.answer", "pk": 1243, "fields": {"question": 311, "text": "wrong answer no 1 to question no 9", "correct": false}}, {"model": "question.answer", "pk": 1244, "fields": {"question": 311, "text": "wrong answer no 2 to question no 9", "correct": false}}, {"model": "question.answer", "pk": 1245, "fields": {"question": 312, "text": "explanation to question no 10", "correct": true}}, {"model": "question.answer", "pk": 1246, "fields": {"question": 312, "text": "correct answer to question no 10", "correct": false}}, {"model": "question.answer", "pk": 1247, "fields": {"question": 312, "text": "wrong answer no 1 to question no 10", "correct": false}}, {"model": "question.answer", "pk": 1248, "fields": {"question": 312, "text": "wrong answer no 2 to question no 10", "correct": false}}, {"model": "question.answer", "pk": 1249, "fields": {"question": 313, "text": "explanation to question no 11", "correct": true}}, {"model": "question.answer", "pk": 1250, "fields": {"question": 313, "text": "correct answer to question no 11", "correct": false}}, {"model": "question.answer", "pk": 1251, "fields": {"question": 313, "text": "wrong answer no 1 to question no 11", "correct": false}}, {"model": "question.answer", "pk": 1252, "fields": {"question": 313, "text": "wrong answer no 2 to question no 11", "correct": false}}, {"model": "question.answer", "pk": 1253, "fields": {"question": 314, "text": "", "correct": true}}, {"model": "question.answer", "pk": 1254, "fields": {"question": 314, "text": "", "correct": false}}, {"model": "question.answer", "pk": 1255, "fields": {"question": 314, "text": "", "correct": false}}, {"model": "question.answer", "pk": 1256, "fields": {"question": 314, "text": "", "correct": false}}, {"model": "question.answer", "pk": 1257, "fields": {"question": 315, "text": "", "correct": true}}, {"model": "question.answer", "pk": 1258, "fields": {"question": 315, "text": "", "correct": false}}, {"model": "question.answer", "pk": 1259, "fields": {"question": 315, "text": "", "correct": false}}, {"model": "question.answer", "pk": 1260, "fields": {"question": 315, "text": "", "correct": false}}, {"model": "question.answer", "pk": 1261, "fields": {"question": 316, "text": "", "correct": true}}, {"model": "question.answer", "pk": 1262, "fields": {"question": 316, "text": "", "correct": false}}, {"model": "question.answer", "pk": 1263, "fields": {"question": 316, "text": "", "correct": false}}, {"model": "question.answer", "pk": 1264, "fields": {"question": 316, "text": "", "correct": false}}, {"model": "question.answer", "pk": 1265, "fields": {"question": 317, "text": "explanation to question no 12", "correct": true}}, {"model": "question.answer", "pk": 1266, "fields": {"question": 317, "text": "correct answer to question no 12", "correct": false}}, {"model": "question.answer", "pk": 1267, "fields": {"question": 317, "text": "wrong answer no 1 to question no 12", "correct": false}}, {"model": "question.answer", "pk": 1268, "fields": {"question": 317, "text": "wrong answer no 2 to question no 12", "correct": false}}, {"model": "question.answer", "pk": 1269, "fields": {"question": 318, "text": "explanation to question no 13", "correct": true}}, {"model": "question.answer", "pk": 1270, "fields": {"question": 318, "text": "correct answer to question no 13", "correct": false}}, {"model": "question.answer", "pk": 1271, "fields": {"question": 318, "text": "wrong answer no 1 to question no 13", "correct": false}}, {"model": "question.answer", "pk": 1272, "fields": {"question": 318, "text": "wrong answer no 2 to question no 13", "correct": false}}, {"model": "question.answer", "pk": 1273, "fields": {"question": 319, "text": "explanation to question no 14", "correct": true}}, {"model": "question.answer", "pk": 1274, "fields": {"question": 319, "text": "correct answer to question no 14", "correct": false}}, {"model": "question.answer", "pk": 1275, "fields": {"question": 319, "text": "wrong answer no 1 to question no 14", "correct": false}}, {"model": "question.answer", "pk": 1276, "fields": {"question": 319, "text": "wrong answer no 2 to question no 14", "correct": false}}, {"model": "question.answer", "pk": 1277, "fields": {"question": 320, "text": "explanation to question no 15", "correct": true}}, {"model": "question.answer", "pk": 1278, "fields": {"question": 320, "text": "correct answer to question no 15", "correct": false}}, {"model": "question.answer", "pk": 1279, "fields": {"question": 320, "text": "wrong answer no 1 to question no 15", "correct": false}}, {"model": "question.answer", "pk": 1280, "fields": {"question": 320, "text": "wrong answer no 2 to question no 15", "correct": false}}, {"model": "question.answer", "pk": 1281, "fields": {"question": 321, "text": "explanation to question no 16", "correct": true}}, {"model": "question.answer", "pk": 1282, "fields": {"question": 321, "text": "correct answer to question no 16", "correct": false}}, {"model": "question.answer", "pk": 1283, "fields": {"question": 321, "text": "wrong answer no 1 to question no 16", "correct": false}}, {"model": "question.answer", "pk": 1284, "fields": {"question": 321, "text": "wrong answer no 2 to question no 16", "correct": false}}, {"model": "elearning.slide", "pk": 19, "fields": {"elearning": 5, "image": "slide (1).jpg"}}, {"model": "elearning.slide", "pk": 20, "fields": {"elearning": 5, "image": "slide (2).jpg"}}, {"model": "elearning.slide", "pk": 21, "fields": {"elearning": 5, "image": "slide (3).jpg"}}, {"model": "elearning.slide", "pk": 22, "fields": {"elearning": 5, "image": "slide (4).jpg"}}, {"model": "elearning.slide", "pk": 23, "fields": {"elearning": 5, "image": "slide (5).jpg"}}, {"model": "elearning.slide", "pk": 24, "fields": {"elearning": 5, "image": "slide (6).jpg"}}, {"model": "elearning.slide", "pk": 25, "fields": {"elearning": 5, "image": "slide (7).jpg"}}, {"model": "elearning.slide", "pk": 26, "fields": {"elearning": 5, "image": "slide (8).jpg"}}, {"model": "elearning.slide", "pk": 27, "fields": {"elearning": 5, "image": "slide (9).jpg"}}, {"model": "elearning.slide", "pk": 28, "fields": {"elearning": 5, "image": "slide (10).jpg"}}, {"model": "elearning.slide", "pk": 29, "fields": {"elearning": 5, "image": "slide (11).jpg"}}, {"model": "elearning.slide", "pk": 30, "fields": {"elearning": 5, "image": "slide (12).jpg"}}, {"model": "elearning.slide", "pk": 31, "fields": {"elearning": 5, "image": "slide (13).jpg"}}, {"model": "elearning.slide", "pk": 32, "fields": {"elearning": 5, "image": "slide (14).jpg"}}, {"model": "elearning.slide", "pk": 33, "fields": {"elearning": 5, "image": "slide (15).jpg"}}, {"model": "elearning.slide", "pk": 34, "fields": {"elearning": 5, "image": "slide (16).jpg"}}, {"model": "elearning.slide", "pk": 35, "fields": {"elearning": 5, "image": "slide (17).jpg"}}, {"model": "elearning.slide", "pk": 36, "fields": {"elearning": 5, "image": "slide (18).jpg"}}, {"model": "elearning.slide", "pk": 37, "fields": {"elearning": 6, "image": "slide (1).jpg"}}, {"model": "elearning.slide", "pk": 38, "fields": {"elearning": 6, "image": "slide (2).jpg"}}, {"model": "elearning.slide", "pk": 39, "fields": {"elearning": 6, "image": "slide (3).jpg"}}, {"model": "elearning.slide", "pk": 40, "fields": {"elearning": 6, "image": "slide (4).jpg"}}, {"model": "elearning.slide", "pk": 41, "fields": {"elearning": 6, "image": "slide (6).jpg"}}, {"model": "elearning.slide", "pk": 42, "fields": {"elearning": 6, "image": "slide (7).jpg"}}, {"model": "elearning.slide", "pk": 43, "fields": {"elearning": 6, "image": "slide (8).jpg"}}, {"model": "elearning.slide", "pk": 44, "fields": {"elearning": 6, "image": "slide (9).jpg"}}, {"model": "elearning.slide", "pk": 45, "fields": {"elearning": 6, "image": "slide (11).jpg"}}, {"model": "elearning.slide", "pk": 46, "fields": {"elearning": 6, "image": "slide (12).jpg"}}, {"model": "elearning.slide", "pk": 47, "fields": {"elearning": 6, "image": "slide (13).jpg"}}, {"model": "elearning.slide", "pk": 48, "fields": {"elearning": 6, "image": "slide (14).jpg"}}, {"model": "elearning.elearningsession", "pk": 4, "fields": {"elearning": 5, "number": 1, "slides": [19, 20, 21, 22, 23, 24], "questions": [152, 153, 154, 149, 150, 151]}}, {"model": "elearning.elearningsession", "pk": 5, "fields": {"elearning": 5, "number": 2, "slides": [25, 26, 27, 28, 29], "questions": [155, 156, 157, 158, 159]}}, {"model": "elearning.elearningsession", "pk": 6, "fields": {"elearning": 5, "number": 3, "slides": [30, 31, 32, 33, 34, 35, 36], "questions": [160, 161, 162, 163, 164]}}, {"model": "elearning.elearningsession", "pk": 7, "fields": {"elearning": 6, "number": 1, "slides": [37, 38, 39, 40, 41], "questions": [165, 166, 167, 168, 169, 170]}}, {"model": "elearning.elearningsession", "pk": 8, "fields": {"elearning": 6, "number": 2, "slides": [42, 43, 44, 45], "questions": [171, 172, 173, 174, 175]}}, {"model": "elearning.elearningsession", "pk": 9, "fields": {"elearning": 6, "number": 3, "slides": [46, 47, 48], "questions": [176, 177, 178, 179, 180]}}, {"model": "elearning.elearningrepetition", "pk": 92, "fields": {"created": "2019-11-03T19:29:03.891Z", "session": 50, "repeat_after": "2019-11-04", "question": 152, "answered": false}}, {"model": "elearning.elearningrepetition", "pk": 94, "fields": {"created": "2019-11-03T19:38:06.552Z", "session": 52, "repeat_after": "2019-11-06", "question": 153, "answered": false}}, {"model": "elearning.elearningrepetition", "pk": 95, "fields": {"created": "2019-11-03T19:38:14.674Z", "session": 52, "repeat_after": "2019-11-06", "question": 150, "answered": false}}, {"model": "elearning.elearningrepetition", "pk": 97, "fields": {"created": "2019-11-03T19:38:26.894Z", "session": 52, "repeat_after": "2019-11-06", "question": 151, "answered": false}}, {"model": "elearning.elearningrepetition", "pk": 98, "fields": {"created": "2019-11-04T07:52:35.181Z", "session": 52, "repeat_after": "2019-11-05", "question": 152, "answered": true}}, {"model": "elearning.elearningrepetition", "pk": 99, "fields": {"created": "2019-11-04T07:52:43.666Z", "session": 52, "repeat_after": "2019-11-07", "question": 154, "answered": false}}, {"model": "elearning.elearningrepetition", "pk": 100, "fields": {"created": "2019-11-04T07:53:23.949Z", "session": 52, "repeat_after": "2019-11-07", "question": 158, "answered": false}}, {"model": "elearning.elearningrepetition", "pk": 101, "fields": {"created": "2019-11-04T07:53:27.408Z", "session": 52, "repeat_after": "2019-11-05", "question": 157, "answered": true}}, {"model": "elearning.elearningrepetition", "pk": 102, "fields": {"created": "2019-11-04T07:53:30.908Z", "session": 52, "repeat_after": "2019-11-05", "question": 159, "answered": true}}, {"model": "elearning.elearningrepetition", "pk": 105, "fields": {"created": "2019-11-04T08:51:36.366Z", "session": 57, "repeat_after": "2019-11-07", "question": 150, "answered": true}}, {"model": "elearning.elearningrepetition", "pk": 106, "fields": {"created": "2019-11-04T08:51:42.425Z", "session": 57, "repeat_after": "2019-11-07", "question": 149, "answered": true}}, {"model": "elearning.elearningrepetition", "pk": 108, "fields": {"created": "2019-11-04T10:20:52.496Z", "session": 52, "repeat_after": "2019-11-07", "question": 164, "answered": false}}, {"model": "elearning.elearningrepetition", "pk": 109, "fields": {"created": "2019-11-04T10:20:57.287Z", "session": 52, "repeat_after": "2019-11-05", "question": 160, "answered": true}}, {"model": "elearning.elearningrepetition", "pk": 110, "fields": {"created": "2019-11-04T10:21:00.979Z", "session": 52, "repeat_after": "2019-11-07", "question": 162, "answered": false}}, {"model": "elearning.elearningrepetition", "pk": 111, "fields": {"created": "2019-11-04T10:21:03.612Z", "session": 52, "repeat_after": "2019-11-07", "question": 163, "answered": false}}, {"model": "elearning.elearningrepetition", "pk": 112, "fields": {"created": "2019-11-04T10:21:06.675Z", "session": 52, "repeat_after": "2019-11-07", "question": 161, "answered": false}}, {"model": "elearning.elearningrepetition", "pk": 113, "fields": {"created": "2019-11-04T10:23:04.235Z", "session": 54, "repeat_after": "2019-11-05", "question": 170, "answered": false}}, {"model": "elearning.elearningrepetition", "pk": 114, "fields": {"created": "2019-11-04T10:23:09.542Z", "session": 54, "repeat_after": "2019-11-07", "question": 168, "answered": false}}, {"model": "elearning.elearningrepetition", "pk": 115, "fields": {"created": "2019-11-04T10:23:14.081Z", "session": 54, "repeat_after": "2019-11-07", "question": 165, "answered": false}}, {"model": "elearning.elearningrepetition", "pk": 116, "fields": {"created": "2019-11-04T10:23:17.500Z", "session": 54, "repeat_after": "2019-11-05", "question": 169, "answered": false}}, {"model": "elearning.elearningrepetition", "pk": 117, "fields": {"created": "2019-11-04T10:23:22.759Z", "session": 54, "repeat_after": "2019-11-05", "question": 167, "answered": false}}, {"model": "elearning.elearningrepetition", "pk": 118, "fields": {"created": "2019-11-05T12:27:57.824Z", "session": 52, "repeat_after": "2019-11-08", "question": 152, "answered": true}}, {"model": "elearning.elearningrepetition", "pk": 119, "fields": {"created": "2019-11-05T12:28:07.701Z", "session": 52, "repeat_after": "2019-11-08", "question": 152, "answered": false}}, {"model": "elearning.elearningrepetition", "pk": 120, "fields": {"created": "2019-11-05T12:30:14.750Z", "session": 52, "repeat_after": "2019-11-08", "question": 157, "answered": false}}, {"model": "elearning.elearningrepetition", "pk": 121, "fields": {"created": "2019-11-05T12:30:18.195Z", "session": 52, "repeat_after": "2019-11-06", "question": 159, "answered": false}}, {"model": "elearning.elearningrepetition", "pk": 122, "fields": {"created": "2019-11-05T12:30:21.828Z", "session": 52, "repeat_after": "2019-11-06", "question": 160, "answered": false}}, {"model": "elearning.elearningrepetition", "pk": 124, "fields": {"created": "2019-11-05T21:35:17.340Z", "session": 57, "repeat_after": "2019-11-08", "question": 153, "answered": true}}, {"model": "elearning.elearningrepetition", "pk": 125, "fields": {"created": "2019-11-05T21:35:26.705Z", "session": 57, "repeat_after": "2019-11-08", "question": 154, "answered": true}}, {"model": "elearning.elearningrepetition", "pk": 126, "fields": {"created": "2019-11-05T21:36:19.705Z", "session": 57, "repeat_after": "2019-11-08", "question": 155, "answered": true}}, {"model": "elearning.elearningrepetition", "pk": 128, "fields": {"created": "2019-11-06T06:40:23.310Z", "session": 57, "repeat_after": "2019-11-09", "question": 151, "answered": true}}, {"model": "elearning.elearningrepetition", "pk": 129, "fields": {"created": "2019-11-06T06:41:07.968Z", "session": 57, "repeat_after": "2019-11-09", "question": 156, "answered": true}}, {"model": "elearning.elearningrepetition", "pk": 130, "fields": {"created": "2019-11-06T06:42:04.087Z", "session": 57, "repeat_after": "2019-11-07", "question": 160, "answered": true}}, {"model": "elearning.elearningrepetition", "pk": 131, "fields": {"created": "2019-11-06T06:42:16.345Z", "session": 57, "repeat_after": "2019-11-09", "question": 161, "answered": true}}, {"model": "elearning.elearningrepetition", "pk": 132, "fields": {"created": "2019-11-06T06:42:20.102Z", "session": 57, "repeat_after": "2019-11-09", "question": 164, "answered": true}}, {"model": "elearning.elearningrepetition", "pk": 133, "fields": {"created": "2019-11-06T18:04:47.643Z", "session": 60, "repeat_after": "2019-11-07", "question": 150, "answered": false}}, {"model": "elearning.elearningrepetition", "pk": 134, "fields": {"created": "2019-11-06T18:04:53.181Z", "session": 60, "repeat_after": "2019-11-09", "question": 154, "answered": false}}, {"model": "elearning.elearningrepetition", "pk": 135, "fields": {"created": "2019-11-06T18:04:59.593Z", "session": 60, "repeat_after": "2019-11-07", "question": 153, "answered": false}}, {"model": "elearning.elearningrepetition", "pk": 136, "fields": {"created": "2019-11-06T18:05:04.454Z", "session": 60, "repeat_after": "2019-11-09", "question": 149, "answered": false}}, {"model": "elearning.elearningrepetition", "pk": 137, "fields": {"created": "2019-11-06T18:05:09.585Z", "session": 60, "repeat_after": "2019-11-09", "question": 151, "answered": false}}, {"model": "elearning.elearningrepetition", "pk": 138, "fields": {"created": "2019-11-07T12:42:33.699Z", "session": 57, "repeat_after": "2019-11-14", "question": 150, "answered": false}}, {"model": "elearning.elearningrepetition", "pk": 139, "fields": {"created": "2019-11-07T12:42:51.321Z", "session": 57, "repeat_after": "2019-11-10", "question": 149, "answered": true}}, {"model": "elearning.elearningrepetition", "pk": 140, "fields": {"created": "2019-11-07T12:43:15.933Z", "session": 57, "repeat_after": "2019-11-10", "question": 160, "answered": true}}, {"model": "elearning.elearningrepetition", "pk": 141, "fields": {"created": "2019-11-07T12:54:42.124Z", "session": 62, "repeat_after": "2019-11-08", "question": 168, "answered": false}}, {"model": "elearning.elearningrepetition", "pk": 142, "fields": {"created": "2019-11-07T12:54:52.110Z", "session": 62, "repeat_after": "2019-11-10", "question": 167, "answered": false}}, {"model": "elearning.elearningrepetition", "pk": 143, "fields": {"created": "2019-11-07T12:55:20.841Z", "session": 62, "repeat_after": "2019-11-08", "question": 170, "answered": false}}, {"model": "elearning.elearningrepetition", "pk": 144, "fields": {"created": "2019-11-07T12:55:30.961Z", "session": 62, "repeat_after": "2019-11-08", "question": 166, "answered": false}}, {"model": "elearning.elearningrepetition", "pk": 145, "fields": {"created": "2019-11-07T12:56:05.354Z", "session": 62, "repeat_after": "2019-11-10", "question": 165, "answered": false}}, {"model": "elearning.elearningrepetition", "pk": 146, "fields": {"created": "2019-11-10T21:23:10.135Z", "session": 57, "repeat_after": "2019-11-17", "question": 153, "answered": false}}, {"model": "elearning.elearningrepetition", "pk": 147, "fields": {"created": "2019-11-10T21:23:17.882Z", "session": 57, "repeat_after": "2019-11-13", "question": 154, "answered": false}}, {"model": "elearning.elearningrepetition", "pk": 148, "fields": {"created": "2019-11-10T21:23:23.601Z", "session": 57, "repeat_after": "2019-11-17", "question": 155, "answered": false}}, {"model": "elearning.elearningrepetition", "pk": 149, "fields": {"created": "2019-11-10T21:23:28.615Z", "session": 57, "repeat_after": "2019-11-13", "question": 151, "answered": false}}, {"model": "elearning.elearningrepetition", "pk": 150, "fields": {"created": "2019-11-10T21:23:38.625Z", "session": 57, "repeat_after": "2019-11-17", "question": 156, "answered": false}}, {"model": "elearning.elearningrepetition", "pk": 151, "fields": {"created": "2019-11-10T21:23:42.811Z", "session": 57, "repeat_after": "2019-11-17", "question": 161, "answered": false}}, {"model": "elearning.elearningrepetition", "pk": 152, "fields": {"created": "2019-11-10T21:23:45.996Z", "session": 57, "repeat_after": "2019-11-17", "question": 164, "answered": false}}, {"model": "elearning.elearningrepetition", "pk": 153, "fields": {"created": "2019-11-10T21:23:49.833Z", "session": 57, "repeat_after": "2019-11-17", "question": 149, "answered": false}}, {"model": "elearning.elearningrepetition", "pk": 154, "fields": {"created": "2019-11-10T21:23:52.938Z", "session": 57, "repeat_after": "2019-11-17", "question": 160, "answered": false}}, {"model": "elearning.elearningrepetition", "pk": 155, "fields": {"created": "2019-11-12T08:59:15.158Z", "session": 64, "repeat_after": "2019-11-15", "question": 170, "answered": false}}, {"model": "elearning.elearningrepetition", "pk": 156, "fields": {"created": "2019-11-12T08:59:19.311Z", "session": 64, "repeat_after": "2019-11-15", "question": 167, "answered": false}}, {"model": "elearning.elearningrepetition", "pk": 157, "fields": {"created": "2019-11-12T08:59:24.286Z", "session": 64, "repeat_after": "2019-11-15", "question": 165, "answered": false}}, {"model": "elearning.elearningrepetition", "pk": 158, "fields": {"created": "2019-11-12T08:59:27.919Z", "session": 64, "repeat_after": "2019-11-13", "question": 168, "answered": false}}, {"model": "elearning.elearningrepetition", "pk": 159, "fields": {"created": "2019-11-12T08:59:34.000Z", "session": 64, "repeat_after": "2019-11-15", "question": 166, "answered": false}}, {"model": "elearning.elearningrepetition", "pk": 160, "fields": {"created": "2019-11-12T09:00:01.403Z", "session": 64, "repeat_after": "2019-11-15", "question": 173, "answered": false}}, {"model": "elearning.elearningrepetition", "pk": 161, "fields": {"created": "2019-11-12T09:00:04.855Z", "session": 64, "repeat_after": "2019-11-15", "question": 171, "answered": false}}, {"model": "elearning.elearningrepetition", "pk": 162, "fields": {"created": "2019-11-12T09:00:08.109Z", "session": 64, "repeat_after": "2019-11-15", "question": 174, "answered": false}}, {"model": "elearning.elearningrepetition", "pk": 163, "fields": {"created": "2019-11-12T09:00:11.786Z", "session": 64, "repeat_after": "2019-11-15", "question": 175, "answered": false}}, {"model": "elearning.elearningrepetition", "pk": 164, "fields": {"created": "2019-11-12T09:00:15.221Z", "session": 64, "repeat_after": "2019-11-15", "question": 172, "answered": false}}, {"model": "elearning.elearningrepetition", "pk": 165, "fields": {"created": "2019-11-12T09:15:57.104Z", "session": 65, "repeat_after": "2019-11-13", "question": 151, "answered": false}}, {"model": "elearning.elearningrepetition", "pk": 166, "fields": {"created": "2019-11-12T09:16:46.239Z", "session": 65, "repeat_after": "2019-11-13", "question": 154, "answered": false}}, {"model": "elearning.elearningrepetition", "pk": 167, "fields": {"created": "2019-11-12T09:16:46.240Z", "session": 65, "repeat_after": "2019-11-13", "question": 154, "answered": false}}, {"model": "elearning.elearningrepetition", "pk": 168, "fields": {"created": "2019-11-12T09:23:20.304Z", "session": 65, "repeat_after": "2019-11-13", "question": 149, "answered": false}}, {"model": "elearning.elearningrepetition", "pk": 169, "fields": {"created": "2019-11-12T09:26:52.377Z", "session": 65, "repeat_after": "2019-11-13", "question": 150, "answered": false}}, {"model": "elearning.elearningrepetition", "pk": 170, "fields": {"created": "2019-11-15T05:00:05.134Z", "session": 66, "repeat_after": "2019-11-18", "question": 153, "answered": false}}, {"model": "elearning.elearningrepetition", "pk": 171, "fields": {"created": "2019-11-15T05:00:15.762Z", "session": 66, "repeat_after": "2019-11-16", "question": 154, "answered": false}}, {"model": "elearning.elearningrepetition", "pk": 172, "fields": {"created": "2019-11-15T05:00:18.763Z", "session": 66, "repeat_after": "2019-11-16", "question": 150, "answered": false}}, {"model": "elearning.elearningrepetition", "pk": 173, "fields": {"created": "2019-11-15T05:00:21.943Z", "session": 66, "repeat_after": "2019-11-16", "question": 151, "answered": false}}, {"model": "elearning.elearningrepetition", "pk": 174, "fields": {"created": "2019-11-15T05:00:24.648Z", "session": 66, "repeat_after": "2019-11-16", "question": 149, "answered": false}}, {"model": "elearning.elearningrepetition", "pk": 175, "fields": {"created": "2019-11-15T06:13:26.000Z", "session": 66, "repeat_after": "2019-11-18", "question": 157, "answered": false}}, {"model": "elearning.elearningrepetition", "pk": 176, "fields": {"created": "2019-11-15T06:13:28.769Z", "session": 66, "repeat_after": "2019-11-16", "question": 155, "answered": false}}, {"model": "elearning.elearningrepetition", "pk": 177, "fields": {"created": "2019-11-15T06:13:32.494Z", "session": 66, "repeat_after": "2019-11-16", "question": 156, "answered": false}}, {"model": "elearning.elearningrepetition", "pk": 178, "fields": {"created": "2019-11-15T06:13:35.465Z", "session": 66, "repeat_after": "2019-11-16", "question": 159, "answered": false}}, {"model": "elearning.elearningrepetition", "pk": 179, "fields": {"created": "2019-11-15T11:26:56.208Z", "session": 78, "repeat_after": "2019-11-18", "question": 167, "answered": false}}, {"model": "elearning.elearningrepetition", "pk": 180, "fields": {"created": "2019-11-15T11:27:00.159Z", "session": 78, "repeat_after": "2019-11-16", "question": 170, "answered": false}}, {"model": "elearning.elearningrepetition", "pk": 181, "fields": {"created": "2019-11-15T13:57:04.885Z", "session": 78, "repeat_after": "2019-11-18", "question": 165, "answered": false}}, {"model": "elearning.elearningrepetition", "pk": 182, "fields": {"created": "2019-11-15T13:57:08.503Z", "session": 78, "repeat_after": "2019-11-18", "question": 169, "answered": false}}, {"model": "elearning.elearningrepetition", "pk": 183, "fields": {"created": "2019-11-15T13:57:10.983Z", "session": 78, "repeat_after": "2019-11-16", "question": 166, "answered": false}}, {"model": "elearning.elearningrepetition", "pk": 184, "fields": {"created": "2019-11-15T13:57:43.368Z", "session": 78, "repeat_after": "2019-11-18", "question": 173, "answered": false}}, {"model": "elearning.elearningrepetition", "pk": 185, "fields": {"created": "2019-11-15T13:57:46.184Z", "session": 78, "repeat_after": "2019-11-18", "question": 172, "answered": false}}, {"model": "elearning.elearningrepetition", "pk": 186, "fields": {"created": "2019-11-15T13:57:49.081Z", "session": 78, "repeat_after": "2019-11-18", "question": 174, "answered": false}}, {"model": "elearning.elearningrepetition", "pk": 187, "fields": {"created": "2019-11-15T13:57:52.838Z", "session": 78, "repeat_after": "2019-11-18", "question": 171, "answered": false}}, {"model": "elearning.elearningrepetition", "pk": 188, "fields": {"created": "2019-11-15T13:57:56.762Z", "session": 78, "repeat_after": "2019-11-18", "question": 175, "answered": false}}, {"model": "elearning.elearningrepetition", "pk": 189, "fields": {"created": "2019-11-15T13:58:16.037Z", "session": 78, "repeat_after": "2019-11-18", "question": 178, "answered": false}}, {"model": "elearning.elearningrepetition", "pk": 190, "fields": {"created": "2019-11-15T13:58:19.229Z", "session": 78, "repeat_after": "2019-11-18", "question": 180, "answered": false}}, {"model": "elearning.elearningrepetition", "pk": 191, "fields": {"created": "2019-11-15T13:58:21.498Z", "session": 78, "repeat_after": "2019-11-18", "question": 176, "answered": false}}, {"model": "elearning.elearningrepetition", "pk": 192, "fields": {"created": "2019-11-15T13:58:23.916Z", "session": 78, "repeat_after": "2019-11-18", "question": 177, "answered": false}}, {"model": "elearning.elearningrepetition", "pk": 193, "fields": {"created": "2019-11-15T13:58:27.003Z", "session": 78, "repeat_after": "2019-11-18", "question": 179, "answered": false}}, {"model": "elearning.elearningrepetition", "pk": 194, "fields": {"created": "2019-11-15T13:59:04.230Z", "session": 66, "repeat_after": "2019-11-18", "question": 158, "answered": false}}, {"model": "elearning.elearningcorrection", "pk": 70, "fields": {"created": "2019-11-03T19:29:03.896Z", "session": 50, "question": 152}}, {"model": "elearning.elearningcorrection", "pk": 111, "fields": {"created": "2019-11-12T09:16:46.244Z", "session": 65, "question": 154}}, {"model": "elearning.elearningcorrection", "pk": 112, "fields": {"created": "2019-11-12T09:16:46.247Z", "session": 65, "question": 154}}, {"model": "elearning.elearningcorrection", "pk": 113, "fields": {"created": "2019-11-12T09:23:20.317Z", "session": 65, "question": 149}}, {"model": "elearning.elearningcorrection", "pk": 114, "fields": {"created": "2019-11-12T09:26:52.383Z", "session": 65, "question": 150}}, {"model": "auth.permission", "pk": 1, "fields": {"name": "Can add log entry", "content_type": 1, "codename": "add_logentry"}}, {"model": "auth.permission", "pk": 2, "fields": {"name": "Can change log entry", "content_type": 1, "codename": "change_logentry"}}, {"model": "auth.permission", "pk": 3, "fields": {"name": "Can delete log entry", "content_type": 1, "codename": "delete_logentry"}}, {"model": "auth.permission", "pk": 4, "fields": {"name": "Can view log entry", "content_type": 1, "codename": "view_logentry"}}, {"model": "auth.permission", "pk": 5, "fields": {"name": "Can add permission", "content_type": 2, "codename": "add_permission"}}, {"model": "auth.permission", "pk": 6, "fields": {"name": "Can change permission", "content_type": 2, "codename": "change_permission"}}, {"model": "auth.permission", "pk": 7, "fields": {"name": "Can delete permission", "content_type": 2, "codename": "delete_permission"}}, {"model": "auth.permission", "pk": 8, "fields": {"name": "Can view permission", "content_type": 2, "codename": "view_permission"}}, {"model": "auth.permission", "pk": 9, "fields": {"name": "Can add group", "content_type": 3, "codename": "add_group"}}, {"model": "auth.permission", "pk": 10, "fields": {"name": "Can change group", "content_type": 3, "codename": "change_group"}}, {"model": "auth.permission", "pk": 11, "fields": {"name": "Can delete group", "content_type": 3, "codename": "delete_group"}}, {"model": "auth.permission", "pk": 12, "fields": {"name": "Can view group", "content_type": 3, "codename": "view_group"}}, {"model": "auth.permission", "pk": 13, "fields": {"name": "Can add content type", "content_type": 4, "codename": "add_contenttype"}}, {"model": "auth.permission", "pk": 14, "fields": {"name": "Can change content type", "content_type": 4, "codename": "change_contenttype"}}, {"model": "auth.permission", "pk": 15, "fields": {"name": "Can delete content type", "content_type": 4, "codename": "delete_contenttype"}}, {"model": "auth.permission", "pk": 16, "fields": {"name": "Can view content type", "content_type": 4, "codename": "view_contenttype"}}, {"model": "auth.permission", "pk": 17, "fields": {"name": "Can add session", "content_type": 5, "codename": "add_session"}}, {"model": "auth.permission", "pk": 18, "fields": {"name": "Can change session", "content_type": 5, "codename": "change_session"}}, {"model": "auth.permission", "pk": 19, "fields": {"name": "Can delete session", "content_type": 5, "codename": "delete_session"}}, {"model": "auth.permission", "pk": 20, "fields": {"name": "Can view session", "content_type": 5, "codename": "view_session"}}, {"model": "auth.permission", "pk": 21, "fields": {"name": "Can add site", "content_type": 6, "codename": "add_site"}}, {"model": "auth.permission", "pk": 22, "fields": {"name": "Can change site", "content_type": 6, "codename": "change_site"}}, {"model": "auth.permission", "pk": 23, "fields": {"name": "Can delete site", "content_type": 6, "codename": "delete_site"}}, {"model": "auth.permission", "pk": 24, "fields": {"name": "Can view site", "content_type": 6, "codename": "view_site"}}, {"model": "auth.permission", "pk": 25, "fields": {"name": "Can add user", "content_type": 7, "codename": "add_user"}}, {"model": "auth.permission", "pk": 26, "fields": {"name": "Can change user", "content_type": 7, "codename": "change_user"}}, {"model": "auth.permission", "pk": 27, "fields": {"name": "Can delete user", "content_type": 7, "codename": "delete_user"}}, {"model": "auth.permission", "pk": 28, "fields": {"name": "Can view user", "content_type": 7, "codename": "view_user"}}, {"model": "auth.permission", "pk": 29, "fields": {"name": "Can add email address", "content_type": 8, "codename": "add_emailaddress"}}, {"model": "auth.permission", "pk": 30, "fields": {"name": "Can change email address", "content_type": 8, "codename": "change_emailaddress"}}, {"model": "auth.permission", "pk": 31, "fields": {"name": "Can delete email address", "content_type": 8, "codename": "delete_emailaddress"}}, {"model": "auth.permission", "pk": 32, "fields": {"name": "Can view email address", "content_type": 8, "codename": "view_emailaddress"}}, {"model": "auth.permission", "pk": 33, "fields": {"name": "Can add email confirmation", "content_type": 9, "codename": "add_emailconfirmation"}}, {"model": "auth.permission", "pk": 34, "fields": {"name": "Can change email confirmation", "content_type": 9, "codename": "change_emailconfirmation"}}, {"model": "auth.permission", "pk": 35, "fields": {"name": "Can delete email confirmation", "content_type": 9, "codename": "delete_emailconfirmation"}}, {"model": "auth.permission", "pk": 36, "fields": {"name": "Can view email confirmation", "content_type": 9, "codename": "view_emailconfirmation"}}, {"model": "auth.permission", "pk": 37, "fields": {"name": "Can add social account", "content_type": 10, "codename": "add_socialaccount"}}, {"model": "auth.permission", "pk": 38, "fields": {"name": "Can change social account", "content_type": 10, "codename": "change_socialaccount"}}, {"model": "auth.permission", "pk": 39, "fields": {"name": "Can delete social account", "content_type": 10, "codename": "delete_socialaccount"}}, {"model": "auth.permission", "pk": 40, "fields": {"name": "Can view social account", "content_type": 10, "codename": "view_socialaccount"}}, {"model": "auth.permission", "pk": 41, "fields": {"name": "Can add social application", "content_type": 11, "codename": "add_socialapp"}}, {"model": "auth.permission", "pk": 42, "fields": {"name": "Can change social application", "content_type": 11, "codename": "change_socialapp"}}, {"model": "auth.permission", "pk": 43, "fields": {"name": "Can delete social application", "content_type": 11, "codename": "delete_socialapp"}}, {"model": "auth.permission", "pk": 44, "fields": {"name": "Can view social application", "content_type": 11, "codename": "view_socialapp"}}, {"model": "auth.permission", "pk": 45, "fields": {"name": "Can add social application token", "content_type": 12, "codename": "add_socialtoken"}}, {"model": "auth.permission", "pk": 46, "fields": {"name": "Can change social application token", "content_type": 12, "codename": "change_socialtoken"}}, {"model": "auth.permission", "pk": 47, "fields": {"name": "Can delete social application token", "content_type": 12, "codename": "delete_socialtoken"}}, {"model": "auth.permission", "pk": 48, "fields": {"name": "Can view social application token", "content_type": 12, "codename": "view_socialtoken"}}, {"model": "auth.permission", "pk": 49, "fields": {"name": "Can add answer", "content_type": 13, "codename": "add_answer"}}, {"model": "auth.permission", "pk": 50, "fields": {"name": "Can change answer", "content_type": 13, "codename": "change_answer"}}, {"model": "auth.permission", "pk": 51, "fields": {"name": "Can delete answer", "content_type": 13, "codename": "delete_answer"}}, {"model": "auth.permission", "pk": 52, "fields": {"name": "Can view answer", "content_type": 13, "codename": "view_answer"}}, {"model": "auth.permission", "pk": 53, "fields": {"name": "Can add exam user answer", "content_type": 14, "codename": "add_examuseranswer"}}, {"model": "auth.permission", "pk": 54, "fields": {"name": "Can change exam user answer", "content_type": 14, "codename": "change_examuseranswer"}}, {"model": "auth.permission", "pk": 55, "fields": {"name": "Can delete exam user answer", "content_type": 14, "codename": "delete_examuseranswer"}}, {"model": "auth.permission", "pk": 56, "fields": {"name": "Can view exam user answer", "content_type": 14, "codename": "view_examuseranswer"}}, {"model": "auth.permission", "pk": 57, "fields": {"name": "Can add question", "content_type": 15, "codename": "add_question"}}, {"model": "auth.permission", "pk": 58, "fields": {"name": "Can change question", "content_type": 15, "codename": "change_question"}}, {"model": "auth.permission", "pk": 59, "fields": {"name": "Can delete question", "content_type": 15, "codename": "delete_question"}}, {"model": "auth.permission", "pk": 60, "fields": {"name": "Can view question", "content_type": 15, "codename": "view_question"}}, {"model": "auth.permission", "pk": 61, "fields": {"name": "Can add exam user session", "content_type": 16, "codename": "add_examusersession"}}, {"model": "auth.permission", "pk": 62, "fields": {"name": "Can change exam user session", "content_type": 16, "codename": "change_examusersession"}}, {"model": "auth.permission", "pk": 63, "fields": {"name": "Can delete exam user session", "content_type": 16, "codename": "delete_examusersession"}}, {"model": "auth.permission", "pk": 64, "fields": {"name": "Can view exam user session", "content_type": 16, "codename": "view_examusersession"}}, {"model": "auth.permission", "pk": 65, "fields": {"name": "Can add exam", "content_type": 17, "codename": "add_exam"}}, {"model": "auth.permission", "pk": 66, "fields": {"name": "Can change exam", "content_type": 17, "codename": "change_exam"}}, {"model": "auth.permission", "pk": 67, "fields": {"name": "Can delete exam", "content_type": 17, "codename": "delete_exam"}}, {"model": "auth.permission", "pk": 68, "fields": {"name": "Can view exam", "content_type": 17, "codename": "view_exam"}}, {"model": "auth.permission", "pk": 69, "fields": {"name": "Can add e learning", "content_type": 18, "codename": "add_elearning"}}, {"model": "auth.permission", "pk": 70, "fields": {"name": "Can change e learning", "content_type": 18, "codename": "change_elearning"}}, {"model": "auth.permission", "pk": 71, "fields": {"name": "Can delete e learning", "content_type": 18, "codename": "delete_elearning"}}, {"model": "auth.permission", "pk": 72, "fields": {"name": "Can view e learning", "content_type": 18, "codename": "view_elearning"}}, {"model": "auth.permission", "pk": 73, "fields": {"name": "Can add e learning session", "content_type": 19, "codename": "add_elearningsession"}}, {"model": "auth.permission", "pk": 74, "fields": {"name": "Can change e learning session", "content_type": 19, "codename": "change_elearningsession"}}, {"model": "auth.permission", "pk": 75, "fields": {"name": "Can delete e learning session", "content_type": 19, "codename": "delete_elearningsession"}}, {"model": "auth.permission", "pk": 76, "fields": {"name": "Can view e learning session", "content_type": 19, "codename": "view_elearningsession"}}, {"model": "auth.permission", "pk": 77, "fields": {"name": "Can add slide", "content_type": 20, "codename": "add_slide"}}, {"model": "auth.permission", "pk": 78, "fields": {"name": "Can change slide", "content_type": 20, "codename": "change_slide"}}, {"model": "auth.permission", "pk": 79, "fields": {"name": "Can delete slide", "content_type": 20, "codename": "delete_slide"}}, {"model": "auth.permission", "pk": 80, "fields": {"name": "Can view slide", "content_type": 20, "codename": "view_slide"}}, {"model": "auth.permission", "pk": 81, "fields": {"name": "Can add e learning user session", "content_type": 21, "codename": "add_elearningusersession"}}, {"model": "auth.permission", "pk": 82, "fields": {"name": "Can change e learning user session", "content_type": 21, "codename": "change_elearningusersession"}}, {"model": "auth.permission", "pk": 83, "fields": {"name": "Can delete e learning user session", "content_type": 21, "codename": "delete_elearningusersession"}}, {"model": "auth.permission", "pk": 84, "fields": {"name": "Can view e learning user session", "content_type": 21, "codename": "view_elearningusersession"}}, {"model": "auth.permission", "pk": 85, "fields": {"name": "Can add e learning user answer", "content_type": 22, "codename": "add_elearninguseranswer"}}, {"model": "auth.permission", "pk": 86, "fields": {"name": "Can change e learning user answer", "content_type": 22, "codename": "change_elearninguseranswer"}}, {"model": "auth.permission", "pk": 87, "fields": {"name": "Can delete e learning user answer", "content_type": 22, "codename": "delete_elearninguseranswer"}}, {"model": "auth.permission", "pk": 88, "fields": {"name": "Can view e learning user answer", "content_type": 22, "codename": "view_elearninguseranswer"}}, {"model": "auth.permission", "pk": 89, "fields": {"name": "Can add e learning repetition", "content_type": 23, "codename": "add_elearningrepetition"}}, {"model": "auth.permission", "pk": 90, "fields": {"name": "Can change e learning repetition", "content_type": 23, "codename": "change_elearningrepetition"}}, {"model": "auth.permission", "pk": 91, "fields": {"name": "Can delete e learning repetition", "content_type": 23, "codename": "delete_elearningrepetition"}}, {"model": "auth.permission", "pk": 92, "fields": {"name": "Can view e learning repetition", "content_type": 23, "codename": "view_elearningrepetition"}}, {"model": "auth.permission", "pk": 93, "fields": {"name": "Can add e learning correction", "content_type": 24, "codename": "add_elearningcorrection"}}, {"model": "auth.permission", "pk": 94, "fields": {"name": "Can change e learning correction", "content_type": 24, "codename": "change_elearningcorrection"}}, {"model": "auth.permission", "pk": 95, "fields": {"name": "Can delete e learning correction", "content_type": 24, "codename": "delete_elearningcorrection"}}, {"model": "auth.permission", "pk": 96, "fields": {"name": "Can view e learning correction", "content_type": 24, "codename": "view_elearningcorrection"}}, {"model": "users.user", "pk": 1, "fields": {"password": "pbkdf2_sha256$150000$tiBC55hGJgim$6TFLIT76iSlSXOi3I73g/bqsy9Cl64y2bw/Mpltj3Oc=", "email": "olgierd.baranski@gmail.com", "name": null, "is_staff": true, "is_superuser": true, "is_active": true, "last_login": "2019-11-15T11:15:48.301Z", "date_joined": "2019-09-26T21:18:08.461Z", "timezone": "Europe/Amsterdam", "groups": [], "user_permissions": []}}, {"model": "users.user", "pk": 2, "fields": {"password": "pbkdf2_sha256$150000$UDVsDF4PEXGW$jn1lPW8b6tXV9rx/yBO1hmc/wLDd5X+osnL2xyxWLRs=", "email": "ra@ra.ra", "name": null, "is_staff": true, "is_superuser": true, "is_active": true, "last_login": "2019-11-03T12:08:54.634Z", "date_joined": "2019-09-26T21:19:19.748Z", "timezone": "Europe/Warsaw", "groups": [], "user_permissions": []}}, {"model": "users.user", "pk": 3, "fields": {"password": "pbkdf2_sha256$150000$AIiKW0VBic2v$20hEmez3N3B6fDEJ09x5ps2RVuxb7uUtRcpWwofTApA=", "email": "renias747@gmail.com", "name": null, "is_staff": false, "is_superuser": false, "is_active": true, "last_login": "2019-11-12T07:40:56.010Z", "date_joined": "2019-09-27T11:26:39.472Z", "timezone": "Australia/Sydney", "groups": [], "user_permissions": []}}, {"model": "users.user", "pk": 4, "fields": {"password": "pbkdf2_sha256$150000$FwhIlhJzhkBl$CLxfopQH8IMZgO4QAvsBbo815ivBfxgfSxeEbKsciCg=", "email": "magda.nowikiewicz@gmail.com", "name": null, "is_staff": false, "is_superuser": false, "is_active": true, "last_login": null, "date_joined": "2019-10-18T16:14:57.139Z", "timezone": "", "groups": [], "user_permissions": []}}, {"model": "users.user", "pk": 5, "fields": {"password": "pbkdf2_sha256$150000$XdbTABVpWyYx$3rRd9G+F/nWV9/uxBbu93PuZaiJpty8vmIO4/gxvpLY=", "email": "magda.nowikiewicz@onet.pl", "name": null, "is_staff": false, "is_superuser": false, "is_active": true, "last_login": "2019-11-06T18:04:01.037Z", "date_joined": "2019-11-06T17:41:14.827Z", "timezone": "UTC", "groups": [], "user_permissions": []}}, {"model": "users.user", "pk": 6, "fields": {"password": "pbkdf2_sha256$150000$7ELLVSCwb89K$IoKXGW/uNERdYI564ZiTA5MaNp/M0uemHVVMbsNW3Ys=", "email": "sdfsdf@gmail.com", "name": null, "is_staff": false, "is_superuser": false, "is_active": true, "last_login": "2019-11-12T08:54:06.669Z", "date_joined": "2019-11-12T08:37:06.830Z", "timezone": "Asia/Dhaka", "groups": [], "user_permissions": []}}, {"model": "users.user", "pk": 7, "fields": {"password": "pbkdf2_sha256$150000$pu2r52upQYyk$eSqhgSI3tui0EQbOC9uKFntEpDXcMOx2OvKMFgAYyEQ=", "email": "fsdhf@gmail.com", "name": null, "is_staff": false, "is_superuser": false, "is_active": true, "last_login": null, "date_joined": "2019-11-12T08:37:32.586Z", "timezone": "UTC", "groups": [], "user_permissions": []}}, {"model": "users.user", "pk": 8, "fields": {"password": "pbkdf2_sha256$150000$b53CWh8gaGBB$PXTX6fmBrVCDOmBwQB6R91rN5OeyY5/kUIgdVhMgqwQ=", "email": "mjmj@gmail.com", "name": null, "is_staff": false, "is_superuser": false, "is_active": true, "last_login": "2019-11-12T09:02:21.498Z", "date_joined": "2019-11-12T08:37:49.132Z", "timezone": "UTC", "groups": [], "user_permissions": []}}, {"model": "users.user", "pk": 9, "fields": {"password": "pbkdf2_sha256$150000$uSnkmcYBijiS$2BJK8gSJeRhtprL9oHiMDvVMIzitw+0yCCPtHd1P/YY=", "email": "hytff@gmail.com", "name": null, "is_staff": false, "is_superuser": false, "is_active": true, "last_login": null, "date_joined": "2019-11-12T08:38:09.764Z", "timezone": "UTC", "groups": [], "user_permissions": []}}, {"model": "users.user", "pk": 10, "fields": {"password": "pbkdf2_sha256$150000$iEzlRT1jdMIf$QN3C9+HTYSivxr91S8NsL7U43CmVa/crrQ424checnw=", "email": "bhuut@gmail.com", "name": null, "is_staff": false, "is_superuser": false, "is_active": true, "last_login": "2019-11-12T09:12:45.197Z", "date_joined": "2019-11-12T08:38:27.866Z", "timezone": "UTC", "groups": [], "user_permissions": []}}, {"model": "users.user", "pk": 11, "fields": {"password": "pbkdf2_sha256$150000$MTJDUAvi2GGO$dROuPHXOtIjtu/zPfU3/3f6WbD1JK81cEDJyp6m2AME=", "email": "erggb@gmail.com", "name": null, "is_staff": false, "is_superuser": false, "is_active": true, "last_login": "2019-11-15T15:50:35.298Z", "date_joined": "2019-11-12T08:38:49.991Z", "timezone": "UTC", "groups": [], "user_permissions": []}}, {"model": "users.user", "pk": 12, "fields": {"password": "pbkdf2_sha256$150000$NGjsFDRHU76h$zOxjvGnbzGbnAxCxtqCPkWINHuDs9Gh6Ce49q4cWYFQ=", "email": "mmftd@gmail.com", "name": null, "is_staff": false, "is_superuser": false, "is_active": true, "last_login": "2019-11-12T08:58:36.398Z", "date_joined": "2019-11-12T08:39:08.483Z", "timezone": "UTC", "groups": [], "user_permissions": []}}, {"model": "account.emailaddress", "pk": 1, "fields": {"user": 1, "email": "olgierd.baranski@gmail.com", "verified": false, "primary": false}}, {"model": "question.examusersession", "pk": 22, "fields": {"exam": 1, "user": 2, "n_questions": 5, "started": "2019-10-17T06:37:08.647Z", "finished": "2019-10-17T06:37:32.046Z", "active_question": null}}, {"model": "question.examusersession", "pk": 23, "fields": {"exam": 1, "user": 1, "n_questions": 5, "started": "2019-10-18T05:34:47.570Z", "finished": "2019-10-18T05:35:09.191Z", "active_question": null}}, {"model": "question.examusersession", "pk": 24, "fields": {"exam": 1, "user": 1, "n_questions": 5, "started": "2019-10-18T05:35:21.541Z", "finished": "2019-10-18T05:42:09.429Z", "active_question": null}}, {"model": "question.examusersession", "pk": 26, "fields": {"exam": 1, "user": 1, "n_questions": 5, "started": "2019-10-18T05:42:31.437Z", "finished": "2019-10-18T16:12:14.043Z", "active_question": null}}, {"model": "question.examusersession", "pk": 34, "fields": {"exam": 1, "user": 1, "n_questions": 5, "started": "2019-10-26T18:30:40.486Z", "finished": "2019-10-26T18:31:23.187Z", "active_question": null}}, {"model": "question.examusersession", "pk": 35, "fields": {"exam": 3, "user": 1, "n_questions": 5, "started": "2019-10-26T18:31:35.992Z", "finished": "2019-10-27T05:29:41.532Z", "active_question": 89}}, {"model": "question.examusersession", "pk": 39, "fields": {"exam": 1, "user": 3, "n_questions": 5, "started": "2019-10-26T20:20:52.631Z", "finished": "2019-10-27T05:29:23.594Z", "active_question": 20}}, {"model": "question.examusersession", "pk": 40, "fields": {"exam": 3, "user": 1, "n_questions": 5, "started": "2019-10-27T05:29:55.875Z", "finished": "2019-10-27T05:30:10.328Z", "active_question": null}}, {"model": "question.examusersession", "pk": 45, "fields": {"exam": 1, "user": 2, "n_questions": 5, "started": "2019-11-03T16:01:07.488Z", "finished": "2019-11-03T19:30:14.742Z", "active_question": 29}}, {"model": "question.examusersession", "pk": 50, "fields": {"exam": 5, "user": 2, "n_questions": 5, "started": "2019-11-03T19:28:53.172Z", "finished": null, "active_question": 150}}, {"model": "question.examusersession", "pk": 51, "fields": {"exam": 1, "user": 2, "n_questions": 5, "started": "2019-11-03T19:30:45.899Z", "finished": "2019-11-03T20:11:39.108Z", "active_question": 25}}, {"model": "question.examusersession", "pk": 52, "fields": {"exam": 5, "user": 1, "n_questions": 5, "started": "2019-11-03T19:37:17.699Z", "finished": null, "active_question": null}}, {"model": "question.examusersession", "pk": 53, "fields": {"exam": 3, "user": 1, "n_questions": 5, "started": "2019-11-03T20:11:50.531Z", "finished": "2019-11-03T20:12:02.216Z", "active_question": null}}, {"model": "question.examusersession", "pk": 54, "fields": {"exam": 6, "user": 1, "n_questions": 5, "started": "2019-11-04T10:22:22.692Z", "finished": null, "active_question": null}}, {"model": "question.examusersession", "pk": 55, "fields": {"exam": 3, "user": 1, "n_questions": 5, "started": "2019-11-04T07:54:09.568Z", "finished": "2019-11-04T08:04:46.957Z", "active_question": 104}}, {"model": "question.examusersession", "pk": 56, "fields": {"exam": 1, "user": 1, "n_questions": 5, "started": "2019-11-04T08:04:58.633Z", "finished": "2019-11-04T10:26:09.147Z", "active_question": 29}}, {"model": "question.examusersession", "pk": 57, "fields": {"exam": 5, "user": 3, "n_questions": 5, "started": "2019-11-04T08:44:39.359Z", "finished": null, "active_question": null}}, {"model": "question.examusersession", "pk": 58, "fields": {"exam": 3, "user": 1, "n_questions": 5, "started": "2019-11-04T10:26:19.477Z", "finished": "2019-11-04T10:26:37.678Z", "active_question": null}}, {"model": "question.examusersession", "pk": 59, "fields": {"exam": 1, "user": 1, "n_questions": 5, "started": "2019-11-05T12:36:13.842Z", "finished": "2019-11-05T12:36:38.750Z", "active_question": null}}, {"model": "question.examusersession", "pk": 60, "fields": {"exam": 5, "user": 5, "n_questions": 5, "started": "2019-11-06T18:04:20.061Z", "finished": null, "active_question": null}}, {"model": "question.examusersession", "pk": 61, "fields": {"exam": 3, "user": 3, "n_questions": 5, "started": "2019-11-07T12:47:21.390Z", "finished": "2019-11-07T12:47:48.493Z", "active_question": null}}, {"model": "question.examusersession", "pk": 62, "fields": {"exam": 6, "user": 3, "n_questions": 5, "started": "2019-11-07T12:48:54.785Z", "finished": null, "active_question": 171}}, {"model": "question.examusersession", "pk": 63, "fields": {"exam": 1, "user": 6, "n_questions": 5, "started": "2019-11-12T08:55:20.546Z", "finished": "2019-11-12T08:56:43.008Z", "active_question": null}}, {"model": "question.examusersession", "pk": 64, "fields": {"exam": 6, "user": 6, "n_questions": 5, "started": "2019-11-12T08:57:56.246Z", "finished": null, "active_question": null}}, {"model": "question.examusersession", "pk": 65, "fields": {"exam": 5, "user": 10, "n_questions": 5, "started": "2019-11-12T09:13:23.843Z", "finished": null, "active_question": null}}, {"model": "question.examusersession", "pk": 66, "fields": {"exam": 5, "user": 11, "n_questions": 5, "started": "2019-11-12T09:22:37.163Z", "finished": null, "active_question": null}}, {"model": "question.examusersession", "pk": 67, "fields": {"exam": 6, "user": 10, "n_questions": 5, "started": "2019-11-12T09:25:33.959Z", "finished": null, "active_question": null}}, {"model": "question.examusersession", "pk": 68, "fields": {"exam": 1, "user": 11, "n_questions": 5, "started": "2019-11-12T11:25:23.228Z", "finished": "2019-11-12T11:39:55.172Z", "active_question": 17}}, {"model": "question.examusersession", "pk": 69, "fields": {"exam": 1, "user": 11, "n_questions": 5, "started": "2019-11-12T11:40:26.454Z", "finished": "2019-11-13T21:47:18.428Z", "active_question": null}}, {"model": "question.examusersession", "pk": 70, "fields": {"exam": 1, "user": 11, "n_questions": 5, "started": "2019-11-14T13:53:40.756Z", "finished": "2019-11-15T06:52:34.792Z", "active_question": null}}, {"model": "question.examusersession", "pk": 71, "fields": {"exam": 7, "user": 11, "n_questions": 5, "started": "2019-11-15T04:59:13.594Z", "finished": null, "active_question": 181}}, {"model": "question.examusersession", "pk": 72, "fields": {"exam": 21, "user": 11, "n_questions": 5, "started": "2019-11-15T04:59:37.791Z", "finished": null, "active_question": null}}, {"model": "question.examusersession", "pk": 73, "fields": {"exam": 24, "user": 11, "n_questions": 5, "started": "2019-11-15T06:52:51.180Z", "finished": null, "active_question": 198}}, {"model": "question.examusersession", "pk": 74, "fields": {"exam": 17, "user": 11, "n_questions": 5, "started": "2019-11-15T06:53:09.261Z", "finished": null, "active_question": null}}, {"model": "question.examusersession", "pk": 75, "fields": {"exam": 10, "user": 11, "n_questions": 5, "started": "2019-11-15T06:53:14.630Z", "finished": null, "active_question": 184}}, {"model": "question.examusersession", "pk": 76, "fields": {"exam": 3, "user": 11, "n_questions": 5, "started": "2019-11-15T06:53:27.945Z", "finished": "2019-11-15T06:53:52.055Z", "active_question": null}}, {"model": "question.examusersession", "pk": 77, "fields": {"exam": 9, "user": 11, "n_questions": 5, "started": "2019-11-15T11:05:08.482Z", "finished": null, "active_question": 183}}, {"model": "question.examusersession", "pk": 78, "fields": {"exam": 6, "user": 11, "n_questions": 5, "started": "2019-11-15T11:05:34.554Z", "finished": null, "active_question": null}}, {"model": "question.examusersession", "pk": 79, "fields": {"exam": 12, "user": 11, "n_questions": 5, "started": "2019-11-15T13:58:48.003Z", "finished": null, "active_question": null}}, {"model": "question.examuseranswer", "pk": 16, "fields": {"session": 22, "question": 31, "answer": 121, "user": 2}}, {"model": "question.examuseranswer", "pk": 17, "fields": {"session": 22, "question": 13, "answer": 51, "user": 2}}, {"model": "question.examuseranswer", "pk": 18, "fields": {"session": 22, "question": 12, "answer": 45, "user": 2}}, {"model": "question.examuseranswer", "pk": 19, "fields": {"session": 22, "question": 5, "answer": 18, "user": 2}}, {"model": "question.examuseranswer", "pk": 20, "fields": {"session": 22, "question": 28, "answer": 109, "user": 2}}, {"model": "question.examuseranswer", "pk": 21, "fields": {"session": 23, "question": 18, "answer": 72, "user": 1}}, {"model": "question.examuseranswer", "pk": 22, "fields": {"session": 23, "question": 27, "answer": 105, "user": 1}}, {"model": "question.examuseranswer", "pk": 23, "fields": {"session": 23, "question": 13, "answer": 50, "user": 1}}, {"model": "question.examuseranswer", "pk": 24, "fields": {"session": 23, "question": 24, "answer": 95, "user": 1}}, {"model": "question.examuseranswer", "pk": 25, "fields": {"session": 23, "question": 31, "answer": 121, "user": 1}}, {"model": "question.examuseranswer", "pk": 26, "fields": {"session": 24, "question": 26, "answer": 101, "user": 1}}, {"model": "question.examuseranswer", "pk": 27, "fields": {"session": 24, "question": 3, "answer": 10, "user": 1}}, {"model": "question.examuseranswer", "pk": 28, "fields": {"session": 24, "question": 23, "answer": 89, "user": 1}}, {"model": "question.examuseranswer", "pk": 29, "fields": {"session": 24, "question": 29, "answer": 115, "user": 1}}, {"model": "question.examuseranswer", "pk": 30, "fields": {"session": 24, "question": 25, "answer": 97, "user": 1}}, {"model": "question.examuseranswer", "pk": 31, "fields": {"session": 26, "question": 20, "answer": 79, "user": 1}}, {"model": "question.examuseranswer", "pk": 32, "fields": {"session": 34, "question": 28, "answer": 111, "user": 1}}, {"model": "question.examuseranswer", "pk": 33, "fields": {"session": 34, "question": 5, "answer": 17, "user": 1}}, {"model": "question.examuseranswer", "pk": 34, "fields": {"session": 34, "question": 24, "answer": 95, "user": 1}}, {"model": "question.examuseranswer", "pk": 35, "fields": {"session": 34, "question": 7, "answer": 28, "user": 1}}, {"model": "question.examuseranswer", "pk": 36, "fields": {"session": 34, "question": 1, "answer": 2, "user": 1}}, {"model": "question.examuseranswer", "pk": 37, "fields": {"session": 35, "question": 120, "answer": 478, "user": 1}}, {"model": "question.examuseranswer", "pk": 38, "fields": {"session": 35, "question": 119, "answer": 474, "user": 1}}, {"model": "question.examuseranswer", "pk": 39, "fields": {"session": 35, "question": 132, "answer": 526, "user": 1}}, {"model": "question.examuseranswer", "pk": 40, "fields": {"session": 35, "question": 101, "answer": 403, "user": 1}}, {"model": "question.examuseranswer", "pk": 41, "fields": {"session": 40, "question": 115, "answer": 457, "user": 1}}, {"model": "question.examuseranswer", "pk": 42, "fields": {"session": 40, "question": 91, "answer": 361, "user": 1}}, {"model": "question.examuseranswer", "pk": 43, "fields": {"session": 40, "question": 107, "answer": 426, "user": 1}}, {"model": "question.examuseranswer", "pk": 44, "fields": {"session": 40, "question": 85, "answer": 339, "user": 1}}, {"model": "question.examuseranswer", "pk": 45, "fields": {"session": 40, "question": 96, "answer": 383, "user": 1}}, {"model": "question.examuseranswer", "pk": 46, "fields": {"session": 53, "question": 108, "answer": 429, "user": 1}}, {"model": "question.examuseranswer", "pk": 47, "fields": {"session": 53, "question": 98, "answer": 392, "user": 1}}, {"model": "question.examuseranswer", "pk": 48, "fields": {"session": 53, "question": 104, "answer": 416, "user": 1}}, {"model": "question.examuseranswer", "pk": 49, "fields": {"session": 53, "question": 112, "answer": 448, "user": 1}}, {"model": "question.examuseranswer", "pk": 50, "fields": {"session": 53, "question": 132, "answer": 525, "user": 1}}, {"model": "question.examuseranswer", "pk": 51, "fields": {"session": 55, "question": 121, "answer": 481, "user": 1}}, {"model": "question.examuseranswer", "pk": 52, "fields": {"session": 58, "question": 121, "answer": 481, "user": 1}}, {"model": "question.examuseranswer", "pk": 53, "fields": {"session": 58, "question": 94, "answer": 373, "user": 1}}, {"model": "question.examuseranswer", "pk": 54, "fields": {"session": 58, "question": 84, "answer": 334, "user": 1}}, {"model": "question.examuseranswer", "pk": 55, "fields": {"session": 58, "question": 131, "answer": 522, "user": 1}}, {"model": "question.examuseranswer", "pk": 56, "fields": {"session": 58, "question": 90, "answer": 357, "user": 1}}, {"model": "question.examuseranswer", "pk": 57, "fields": {"session": 59, "question": 12, "answer": 46, "user": 1}}, {"model": "question.examuseranswer", "pk": 58, "fields": {"session": 59, "question": 28, "answer": 112, "user": 1}}, {"model": "question.examuseranswer", "pk": 59, "fields": {"session": 59, "question": 29, "answer": 113, "user": 1}}, {"model": "question.examuseranswer", "pk": 60, "fields": {"session": 59, "question": 8, "answer": 29, "user": 1}}, {"model": "question.examuseranswer", "pk": 61, "fields": {"session": 59, "question": 27, "answer": 108, "user": 1}}, {"model": "question.examuseranswer", "pk": 62, "fields": {"session": 61, "question": 102, "answer": 408, "user": 3}}, {"model": "question.examuseranswer", "pk": 63, "fields": {"session": 61, "question": 105, "answer": 417, "user": 3}}, {"model": "question.examuseranswer", "pk": 64, "fields": {"session": 61, "question": 130, "answer": 520, "user": 3}}, {"model": "question.examuseranswer", "pk": 65, "fields": {"session": 61, "question": 98, "answer": 391, "user": 3}}, {"model": "question.examuseranswer", "pk": 66, "fields": {"session": 61, "question": 131, "answer": 522, "user": 3}}, {"model": "question.examuseranswer", "pk": 67, "fields": {"session": 63, "question": 3, "answer": 10, "user": 6}}, {"model": "question.examuseranswer", "pk": 68, "fields": {"session": 63, "question": 5, "answer": 19, "user": 6}}, {"model": "question.examuseranswer", "pk": 69, "fields": {"session": 63, "question": 15, "answer": 57, "user": 6}}, {"model": "question.examuseranswer", "pk": 70, "fields": {"session": 63, "question": 2, "answer": 5, "user": 6}}, {"model": "question.examuseranswer", "pk": 71, "fields": {"session": 63, "question": 28, "answer": 109, "user": 6}}, {"model": "question.examuseranswer", "pk": 72, "fields": {"session": 68, "question": 7, "answer": 28, "user": 11}}, {"model": "question.examuseranswer", "pk": 73, "fields": {"session": 68, "question": 19, "answer": 73, "user": 11}}, {"model": "question.examuseranswer", "pk": 74, "fields": {"session": 69, "question": 14, "answer": 53, "user": 11}}, {"model": "question.examuseranswer", "pk": 75, "fields": {"session": 70, "question": 23, "answer": 92, "user": 11}}, {"model": "question.examuseranswer", "pk": 76, "fields": {"session": 70, "question": 6, "answer": 21, "user": 11}}, {"model": "question.examuseranswer", "pk": 77, "fields": {"session": 70, "question": 1, "answer": 4, "user": 11}}, {"model": "question.examuseranswer", "pk": 78, "fields": {"session": 70, "question": 28, "answer": 109, "user": 11}}, {"model": "question.examuseranswer", "pk": 79, "fields": {"session": 76, "question": 99, "answer": 395, "user": 11}}, {"model": "question.examuseranswer", "pk": 80, "fields": {"session": 76, "question": 130, "answer": 519, "user": 11}}, {"model": "question.examuseranswer", "pk": 81, "fields": {"session": 76, "question": 108, "answer": 430, "user": 11}}, {"model": "question.examuseranswer", "pk": 82, "fields": {"session": 76, "question": 121, "answer": 484, "user": 11}}, {"model": "question.examuseranswer", "pk": 83, "fields": {"session": 76, "question": 92, "answer": 367, "user": 11}}, {"model": "exam.exam", "pk": 1, "fields": {"name": "EXAM1", "slug": "exam1", "author": null, "time_limit": 600, "n_questions": 5, "public": false, "description": "", "exam_type": "exam"}}, {"model": "exam.exam", "pk": 3, "fields": {"name": "EXAM2", "slug": "exam2", "author": null, "time_limit": 300, "n_questions": 5, "public": false, "description": "", "exam_type": "exam"}}, {"model": "exam.exam", "pk": 5, "fields": {"name": "ELEARNING1", "slug": "elearning1", "author": null, "time_limit": 0, "n_questions": 5, "public": false, "description": "", "exam_type": "elearning"}}, {"model": "exam.exam", "pk": 6, "fields": {"name": "ELEARNING2", "slug": "elearning2", "author": null, "time_limit": 0, "n_questions": 5, "public": false, "description": "", "exam_type": "elearning"}}, {"model": "exam.exam", "pk": 7, "fields": {"name": "1.0", "slug": "10", "author": null, "time_limit": 0, "n_questions": 5, "public": false, "description": "", "exam_type": "exam"}}, {"model": "exam.exam", "pk": 8, "fields": {"name": "2.0", "slug": "20", "author": null, "time_limit": 0, "n_questions": 5, "public": false, "description": "", "exam_type": "exam"}}, {"model": "exam.exam", "pk": 9, "fields": {"name": "3.0", "slug": "30", "author": null, "time_limit": 0, "n_questions": 5, "public": false, "description": "", "exam_type": "exam"}}, {"model": "exam.exam", "pk": 10, "fields": {"name": "4.0", "slug": "40", "author": null, "time_limit": 0, "n_questions": 5, "public": false, "description": "", "exam_type": "exam"}}, {"model": "exam.exam", "pk": 11, "fields": {"name": "5.0", "slug": "50", "author": null, "time_limit": 0, "n_questions": 5, "public": false, "description": "", "exam_type": "exam"}}, {"model": "exam.exam", "pk": 12, "fields": {"name": "6.0", "slug": "60", "author": null, "time_limit": 0, "n_questions": 5, "public": false, "description": "", "exam_type": "exam"}}, {"model": "exam.exam", "pk": 13, "fields": {"name": "7.0", "slug": "70", "author": null, "time_limit": 0, "n_questions": 5, "public": false, "description": "", "exam_type": "exam"}}, {"model": "exam.exam", "pk": 14, "fields": {"name": "8.0", "slug": "80", "author": null, "time_limit": 0, "n_questions": 5, "public": false, "description": "", "exam_type": "exam"}}, {"model": "exam.exam", "pk": 15, "fields": {"name": "9.0", "slug": "90", "author": null, "time_limit": 0, "n_questions": 5, "public": false, "description": "", "exam_type": "exam"}}, {"model": "exam.exam", "pk": 16, "fields": {"name": "10.0", "slug": "100", "author": null, "time_limit": 0, "n_questions": 5, "public": false, "description": "", "exam_type": "exam"}}, {"model": "exam.exam", "pk": 17, "fields": {"name": "11.0", "slug": "110", "author": null, "time_limit": 0, "n_questions": 5, "public": false, "description": "", "exam_type": "exam"}}, {"model": "exam.exam", "pk": 18, "fields": {"name": "12.0", "slug": "120", "author": null, "time_limit": 0, "n_questions": 5, "public": false, "description": "", "exam_type": "exam"}}, {"model": "exam.exam", "pk": 19, "fields": {"name": "13.0", "slug": "130", "author": null, "time_limit": 0, "n_questions": 5, "public": false, "description": "", "exam_type": "exam"}}, {"model": "exam.exam", "pk": 20, "fields": {"name": "14.0", "slug": "140", "author": null, "time_limit": 0, "n_questions": 5, "public": false, "description": "", "exam_type": "exam"}}, {"model": "exam.exam", "pk": 21, "fields": {"name": "15.0", "slug": "150", "author": null, "time_limit": 0, "n_questions": 5, "public": false, "description": "", "exam_type": "exam"}}, {"model": "exam.exam", "pk": 22, "fields": {"name": "16.0", "slug": "160", "author": null, "time_limit": 0, "n_questions": 5, "public": false, "description": "", "exam_type": "exam"}}, {"model": "exam.exam", "pk": 23, "fields": {"name": "17.0", "slug": "170", "author": null, "time_limit": 0, "n_questions": 5, "public": false, "description": "", "exam_type": "exam"}}, {"model": "exam.exam", "pk": 24, "fields": {"name": "18.0", "slug": "180", "author": null, "time_limit": 0, "n_questions": 5, "public": false, "description": "", "exam_type": "exam"}}, {"model": "exam.exam", "pk": 25, "fields": {"name": "19.0", "slug": "190", "author": null, "time_limit": 0, "n_questions": 5, "public": false, "description": "", "exam_type": "exam"}}, {"model": "exam.exam", "pk": 26, "fields": {"name": "20.0", "slug": "200", "author": null, "time_limit": 0, "n_questions": 5, "public": false, "description": "", "exam_type": "exam"}}, {"model": "exam.exam", "pk": 27, "fields": {"name": "21.0", "slug": "210", "author": null, "time_limit": 0, "n_questions": 5, "public": false, "description": "", "exam_type": "exam"}}, {"model": "exam.exam", "pk": 28, "fields": {"name": "22.0", "slug": "220", "author": null, "time_limit": 0, "n_questions": 5, "public": false, "description": "", "exam_type": "exam"}}, {"model": "exam.exam", "pk": 29, "fields": {"name": "23.0", "slug": "230", "author": null, "time_limit": 0, "n_questions": 5, "public": false, "description": "", "exam_type": "exam"}}, {"model": "exam.exam", "pk": 30, "fields": {"name": "24.0", "slug": "240", "author": null, "time_limit": 0, "n_questions": 5, "public": false, "description": "", "exam_type": "exam"}}, {"model": "exam.exam", "pk": 31, "fields": {"name": "25.0", "slug": "250", "author": null, "time_limit": 0, "n_questions": 5, "public": false, "description": "", "exam_type": "exam"}}, {"model": "exam.exam", "pk": 32, "fields": {"name": "26.0", "slug": "260", "author": null, "time_limit": 0, "n_questions": 5, "public": false, "description": "", "exam_type": "exam"}}, {"model": "exam.exam", "pk": 33, "fields": {"name": "27.0", "slug": "270", "author": null, "time_limit": 0, "n_questions": 5, "public": false, "description": "", "exam_type": "exam"}}, {"model": "exam.exam", "pk": 34, "fields": {"name": "28.0", "slug": "280", "author": null, "time_limit": 0, "n_questions": 5, "public": false, "description": "", "exam_type": "exam"}}, {"model": "exam.exam", "pk": 35, "fields": {"name": "29.0", "slug": "290", "author": null, "time_limit": 0, "n_questions": 5, "public": false, "description": "", "exam_type": "exam"}}, {"model": "exam.exam", "pk": 36, "fields": {"name": "30.0", "slug": "300", "author": null, "time_limit": 0, "n_questions": 5, "public": false, "description": "", "exam_type": "exam"}}, {"model": "exam.exam", "pk": 37, "fields": {"name": "31.0", "slug": "310", "author": null, "time_limit": 0, "n_questions": 5, "public": false, "description": "", "exam_type": "exam"}}, {"model": "exam.exam", "pk": 38, "fields": {"name": "32.0", "slug": "320", "author": null, "time_limit": 0, "n_questions": 5, "public": false, "description": "", "exam_type": "exam"}}, {"model": "exam.exam", "pk": 39, "fields": {"name": "33.0", "slug": "330", "author": null, "time_limit": 0, "n_questions": 5, "public": false, "description": "", "exam_type": "exam"}}, {"model": "exam.exam", "pk": 40, "fields": {"name": "34.0", "slug": "340", "author": null, "time_limit": 0, "n_questions": 5, "public": false, "description": "", "exam_type": "exam"}}, {"model": "exam.exam", "pk": 41, "fields": {"name": "35.0", "slug": "350", "author": null, "time_limit": 0, "n_questions": 5, "public": false, "description": "", "exam_type": "exam"}}, {"model": "exam.exam", "pk": 42, "fields": {"name": "36.0", "slug": "360", "author": null, "time_limit": 0, "n_questions": 5, "public": false, "description": "", "exam_type": "exam"}}, {"model": "exam.exam", "pk": 43, "fields": {"name": "37.0", "slug": "370", "author": null, "time_limit": 0, "n_questions": 5, "public": false, "description": "", "exam_type": "exam"}}, {"model": "exam.exam", "pk": 44, "fields": {"name": "38.0", "slug": "380", "author": null, "time_limit": 0, "n_questions": 5, "public": false, "description": "", "exam_type": "exam"}}, {"model": "exam.exam", "pk": 45, "fields": {"name": "39.0", "slug": "390", "author": null, "time_limit": 0, "n_questions": 5, "public": false, "description": "", "exam_type": "exam"}}, {"model": "exam.exam", "pk": 46, "fields": {"name": "40.0", "slug": "400", "author": null, "time_limit": 0, "n_questions": 5, "public": false, "description": "", "exam_type": "exam"}}, {"model": "exam.exam", "pk": 47, "fields": {"name": "41.0", "slug": "410", "author": null, "time_limit": 0, "n_questions": 5, "public": false, "description": "", "exam_type": "exam"}}, {"model": "exam.exam", "pk": 48, "fields": {"name": "42.0", "slug": "420", "author": null, "time_limit": 0, "n_questions": 5, "public": false, "description": "", "exam_type": "exam"}}, {"model": "exam.exam", "pk": 49, "fields": {"name": "43.0", "slug": "430", "author": null, "time_limit": 0, "n_questions": 5, "public": false, "description": "", "exam_type": "exam"}}, {"model": "exam.exam", "pk": 50, "fields": {"name": "44.0", "slug": "440", "author": null, "time_limit": 0, "n_questions": 5, "public": false, "description": "", "exam_type": "exam"}}, {"model": "exam.exam", "pk": 51, "fields": {"name": "45.0", "slug": "450", "author": null, "time_limit": 0, "n_questions": 5, "public": false, "description": "", "exam_type": "exam"}}, {"model": "exam.exam", "pk": 52, "fields": {"name": "46.0", "slug": "460", "author": null, "time_limit": 0, "n_questions": 5, "public": false, "description": "", "exam_type": "exam"}}, {"model": "exam.exam", "pk": 53, "fields": {"name": "47.0", "slug": "470", "author": null, "time_limit": 0, "n_questions": 5, "public": false, "description": "", "exam_type": "exam"}}, {"model": "exam.exam", "pk": 54, "fields": {"name": "48.0", "slug": "480", "author": null, "time_limit": 0, "n_questions": 5, "public": false, "description": "", "exam_type": "exam"}}, {"model": "exam.exam", "pk": 55, "fields": {"name": "49.0", "slug": "490", "author": null, "time_limit": 0, "n_questions": 5, "public": false, "description": "", "exam_type": "exam"}}, {"model": "exam.exam", "pk": 56, "fields": {"name": "50.0", "slug": "500", "author": null, "time_limit": 0, "n_questions": 5, "public": false, "description": "", "exam_type": "exam"}}, {"model": "exam.exam", "pk": 57, "fields": {"name": "51.0", "slug": "510", "author": null, "time_limit": 0, "n_questions": 5, "public": false, "description": "", "exam_type": "exam"}}, {"model": "exam.exam", "pk": 58, "fields": {"name": "52.0", "slug": "520", "author": null, "time_limit": 0, "n_questions": 5, "public": false, "description": "", "exam_type": "exam"}}, {"model": "exam.exam", "pk": 59, "fields": {"name": "53.0", "slug": "530", "author": null, "time_limit": 0, "n_questions": 5, "public": false, "description": "", "exam_type": "exam"}}, {"model": "exam.exam", "pk": 60, "fields": {"name": "54.0", "slug": "540", "author": null, "time_limit": 0, "n_questions": 5, "public": false, "description": "", "exam_type": "exam"}}, {"model": "exam.exam", "pk": 61, "fields": {"name": "55.0", "slug": "550", "author": null, "time_limit": 0, "n_questions": 5, "public": false, "description": "", "exam_type": "exam"}}, {"model": "exam.exam", "pk": 62, "fields": {"name": "56.0", "slug": "560", "author": null, "time_limit": 0, "n_questions": 5, "public": false, "description": "", "exam_type": "exam"}}, {"model": "exam.exam", "pk": 63, "fields": {"name": "57.0", "slug": "570", "author": null, "time_limit": 0, "n_questions": 5, "public": false, "description": "", "exam_type": "exam"}}, {"model": "exam.exam", "pk": 64, "fields": {"name": "58.0", "slug": "580", "author": null, "time_limit": 0, "n_questions": 5, "public": false, "description": "", "exam_type": "exam"}}, {"model": "exam.exam", "pk": 65, "fields": {"name": "59.0", "slug": "590", "author": null, "time_limit": 0, "n_questions": 5, "public": false, "description": "", "exam_type": "exam"}}, {"model": "exam.exam", "pk": 66, "fields": {"name": "60.0", "slug": "600", "author": null, "time_limit": 0, "n_questions": 5, "public": false, "description": "", "exam_type": "exam"}}, {"model": "exam.exam", "pk": 67, "fields": {"name": "61.0", "slug": "610", "author": null, "time_limit": 0, "n_questions": 5, "public": false, "description": "", "exam_type": "exam"}}, {"model": "exam.exam", "pk": 68, "fields": {"name": "62.0", "slug": "620", "author": null, "time_limit": 0, "n_questions": 5, "public": false, "description": "", "exam_type": "exam"}}, {"model": "exam.exam", "pk": 69, "fields": {"name": "63.0", "slug": "630", "author": null, "time_limit": 0, "n_questions": 5, "public": false, "description": "", "exam_type": "exam"}}, {"model": "exam.exam", "pk": 70, "fields": {"name": "64.0", "slug": "640", "author": null, "time_limit": 0, "n_questions": 5, "public": false, "description": "", "exam_type": "exam"}}, {"model": "exam.exam", "pk": 71, "fields": {"name": "65.0", "slug": "650", "author": null, "time_limit": 0, "n_questions": 5, "public": false, "description": "", "exam_type": "exam"}}, {"model": "exam.exam", "pk": 72, "fields": {"name": "66.0", "slug": "660", "author": null, "time_limit": 0, "n_questions": 5, "public": false, "description": "", "exam_type": "exam"}}, {"model": "exam.exam", "pk": 73, "fields": {"name": "67.0", "slug": "670", "author": null, "time_limit": 0, "n_questions": 5, "public": false, "description": "", "exam_type": "exam"}}, {"model": "exam.exam", "pk": 74, "fields": {"name": "68.0", "slug": "680", "author": null, "time_limit": 0, "n_questions": 5, "public": false, "description": "", "exam_type": "exam"}}, {"model": "exam.exam", "pk": 75, "fields": {"name": "69.0", "slug": "690", "author": null, "time_limit": 0, "n_questions": 5, "public": false, "description": "", "exam_type": "exam"}}, {"model": "exam.exam", "pk": 76, "fields": {"name": "70.0", "slug": "700", "author": null, "time_limit": 0, "n_questions": 5, "public": false, "description": "", "exam_type": "exam"}}, {"model": "exam.exam", "pk": 77, "fields": {"name": "71.0", "slug": "710", "author": null, "time_limit": 0, "n_questions": 5, "public": false, "description": "", "exam_type": "exam"}}, {"model": "exam.exam", "pk": 78, "fields": {"name": "72.0", "slug": "720", "author": null, "time_limit": 0, "n_questions": 5, "public": false, "description": "", "exam_type": "exam"}}, {"model": "exam.exam", "pk": 79, "fields": {"name": "73.0", "slug": "730", "author": null, "time_limit": 0, "n_questions": 5, "public": false, "description": "", "exam_type": "exam"}}, {"model": "exam.exam", "pk": 80, "fields": {"name": "74.0", "slug": "740", "author": null, "time_limit": 0, "n_questions": 5, "public": false, "description": "", "exam_type": "exam"}}, {"model": "exam.exam", "pk": 81, "fields": {"name": "75.0", "slug": "750", "author": null, "time_limit": 0, "n_questions": 5, "public": false, "description": "", "exam_type": "exam"}}, {"model": "exam.exam", "pk": 82, "fields": {"name": "76.0", "slug": "760", "author": null, "time_limit": 0, "n_questions": 5, "public": false, "description": "", "exam_type": "exam"}}, {"model": "exam.exam", "pk": 83, "fields": {"name": "77.0", "slug": "770", "author": null, "time_limit": 0, "n_questions": 5, "public": false, "description": "", "exam_type": "exam"}}, {"model": "exam.exam", "pk": 84, "fields": {"name": "78.0", "slug": "780", "author": null, "time_limit": 0, "n_questions": 5, "public": false, "description": "", "exam_type": "exam"}}, {"model": "exam.exam", "pk": 85, "fields": {"name": "79.0", "slug": "790", "author": null, "time_limit": 0, "n_questions": 5, "public": false, "description": "", "exam_type": "exam"}}, {"model": "exam.exam", "pk": 86, "fields": {"name": "80.0", "slug": "800", "author": null, "time_limit": 0, "n_questions": 5, "public": false, "description": "", "exam_type": "exam"}}, {"model": "exam.exam", "pk": 87, "fields": {"name": "81.0", "slug": "810", "author": null, "time_limit": 0, "n_questions": 5, "public": false, "description": "", "exam_type": "exam"}}, {"model": "exam.exam", "pk": 88, "fields": {"name": "82.0", "slug": "820", "author": null, "time_limit": 0, "n_questions": 5, "public": false, "description": "", "exam_type": "exam"}}, {"model": "exam.exam", "pk": 89, "fields": {"name": "83.0", "slug": "830", "author": null, "time_limit": 0, "n_questions": 5, "public": false, "description": "", "exam_type": "exam"}}, {"model": "exam.exam", "pk": 90, "fields": {"name": "84.0", "slug": "840", "author": null, "time_limit": 0, "n_questions": 5, "public": false, "description": "", "exam_type": "exam"}}, {"model": "exam.exam", "pk": 91, "fields": {"name": "85.0", "slug": "850", "author": null, "time_limit": 0, "n_questions": 5, "public": false, "description": "", "exam_type": "exam"}}, {"model": "exam.exam", "pk": 92, "fields": {"name": "86.0", "slug": "860", "author": null, "time_limit": 0, "n_questions": 5, "public": false, "description": "", "exam_type": "exam"}}, {"model": "exam.exam", "pk": 93, "fields": {"name": "87.0", "slug": "870", "author": null, "time_limit": 0, "n_questions": 5, "public": false, "description": "", "exam_type": "exam"}}, {"model": "exam.exam", "pk": 94, "fields": {"name": "88.0", "slug": "880", "author": null, "time_limit": 0, "n_questions": 5, "public": false, "description": "", "exam_type": "exam"}}, {"model": "exam.exam", "pk": 95, "fields": {"name": "89.0", "slug": "890", "author": null, "time_limit": 0, "n_questions": 5, "public": false, "description": "", "exam_type": "exam"}}, {"model": "exam.exam", "pk": 96, "fields": {"name": "90.0", "slug": "900", "author": null, "time_limit": 0, "n_questions": 5, "public": false, "description": "", "exam_type": "exam"}}, {"model": "exam.exam", "pk": 97, "fields": {"name": "91.0", "slug": "910", "author": null, "time_limit": 0, "n_questions": 5, "public": false, "description": "", "exam_type": "exam"}}, {"model": "exam.exam", "pk": 98, "fields": {"name": "92.0", "slug": "920", "author": null, "time_limit": 0, "n_questions": 5, "public": false, "description": "", "exam_type": "exam"}}, {"model": "exam.exam", "pk": 99, "fields": {"name": "93.0", "slug": "930", "author": null, "time_limit": 0, "n_questions": 5, "public": false, "description": "", "exam_type": "exam"}}, {"model": "exam.exam", "pk": 100, "fields": {"name": "94.0", "slug": "940", "author": null, "time_limit": 0, "n_questions": 5, "public": false, "description": "", "exam_type": "exam"}}, {"model": "exam.exam", "pk": 101, "fields": {"name": "95.0", "slug": "950", "author": null, "time_limit": 0, "n_questions": 5, "public": false, "description": "", "exam_type": "exam"}}, {"model": "exam.exam", "pk": 102, "fields": {"name": "96.0", "slug": "960", "author": null, "time_limit": 0, "n_questions": 5, "public": false, "description": "", "exam_type": "exam"}}, {"model": "exam.exam", "pk": 103, "fields": {"name": "97.0", "slug": "970", "author": null, "time_limit": 0, "n_questions": 5, "public": false, "description": "", "exam_type": "exam"}}, {"model": "exam.exam", "pk": 104, "fields": {"name": "98.0", "slug": "980", "author": null, "time_limit": 0, "n_questions": 5, "public": false, "description": "", "exam_type": "exam"}}, {"model": "exam.exam", "pk": 105, "fields": {"name": "99.0", "slug": "990", "author": null, "time_limit": 0, "n_questions": 5, "public": false, "description": "", "exam_type": "exam"}}, {"model": "exam.exam", "pk": 106, "fields": {"name": "100.0", "slug": "1000", "author": null, "time_limit": 0, "n_questions": 5, "public": false, "description": "", "exam_type": "exam"}}, {"model": "exam.exam", "pk": 107, "fields": {"name": "101.0", "slug": "1010", "author": null, "time_limit": 0, "n_questions": 5, "public": false, "description": "", "exam_type": "exam"}}, {"model": "exam.exam", "pk": 108, "fields": {"name": "102.0", "slug": "1020", "author": null, "time_limit": 0, "n_questions": 5, "public": false, "description": "", "exam_type": "exam"}}, {"model": "exam.exam", "pk": 109, "fields": {"name": "103.0", "slug": "1030", "author": null, "time_limit": 0, "n_questions": 5, "public": false, "description": "", "exam_type": "exam"}}, {"model": "exam.exam", "pk": 110, "fields": {"name": "104.0", "slug": "1040", "author": null, "time_limit": 0, "n_questions": 5, "public": false, "description": "", "exam_type": "exam"}}, {"model": "exam.exam", "pk": 111, "fields": {"name": "105.0", "slug": "1050", "author": null, "time_limit": 0, "n_questions": 5, "public": false, "description": "", "exam_type": "exam"}}, {"model": "exam.exam", "pk": 112, "fields": {"name": "106.0", "slug": "1060", "author": null, "time_limit": 0, "n_questions": 5, "public": false, "description": "", "exam_type": "exam"}}, {"model": "exam.exam", "pk": 113, "fields": {"name": "107.0", "slug": "1070", "author": null, "time_limit": 0, "n_questions": 5, "public": false, "description": "", "exam_type": "exam"}}, {"model": "exam.exam", "pk": 114, "fields": {"name": "108.0", "slug": "1080", "author": null, "time_limit": 0, "n_questions": 5, "public": false, "description": "", "exam_type": "exam"}}, {"model": "exam.exam", "pk": 115, "fields": {"name": "109.0", "slug": "1090", "author": null, "time_limit": 0, "n_questions": 5, "public": false, "description": "", "exam_type": "exam"}}, {"model": "exam.exam", "pk": 116, "fields": {"name": "110.0", "slug": "1100", "author": null, "time_limit": 0, "n_questions": 5, "public": false, "description": "", "exam_type": "exam"}}, {"model": "exam.exam", "pk": 117, "fields": {"name": "112.0", "slug": "1120", "author": null, "time_limit": 0, "n_questions": 5, "public": false, "description": "", "exam_type": "exam"}}, {"model": "exam.exam", "pk": 118, "fields": {"name": "113.0", "slug": "1130", "author": null, "time_limit": 0, "n_questions": 5, "public": false, "description": "", "exam_type": "exam"}}, {"model": "exam.exam", "pk": 119, "fields": {"name": "114.0", "slug": "1140", "author": null, "time_limit": 0, "n_questions": 5, "public": false, "description": "", "exam_type": "exam"}}, {"model": "exam.exam", "pk": 120, "fields": {"name": "115.0", "slug": "1150", "author": null, "time_limit": 0, "n_questions": 5, "public": false, "description": "", "exam_type": "exam"}}, {"model": "exam.exam", "pk": 121, "fields": {"name": "116.0", "slug": "1160", "author": null, "time_limit": 0, "n_questions": 5, "public": false, "description": "", "exam_type": "exam"}}, {"model": "exam.exam", "pk": 122, "fields": {"name": "117.0", "slug": "1170", "author": null, "time_limit": 0, "n_questions": 5, "public": false, "description": "", "exam_type": "exam"}}, {"model": "exam.exam", "pk": 123, "fields": {"name": "118.0", "slug": "1180", "author": null, "time_limit": 0, "n_questions": 5, "public": false, "description": "", "exam_type": "exam"}}, {"model": "exam.exam", "pk": 124, "fields": {"name": "119.0", "slug": "1190", "author": null, "time_limit": 0, "n_questions": 5, "public": false, "description": "", "exam_type": "exam"}}, {"model": "exam.exam", "pk": 125, "fields": {"name": "120.0", "slug": "1200", "author": null, "time_limit": 0, "n_questions": 5, "public": false, "description": "", "exam_type": "exam"}}, {"model": "exam.exam", "pk": 126, "fields": {"name": "121.0", "slug": "1210", "author": null, "time_limit": 0, "n_questions": 5, "public": false, "description": "", "exam_type": "exam"}}, {"model": "exam.exam", "pk": 127, "fields": {"name": "123.0", "slug": "1230", "author": null, "time_limit": 0, "n_questions": 5, "public": false, "description": "", "exam_type": "exam"}}, {"model": "exam.exam", "pk": 128, "fields": {"name": "124.0", "slug": "1240", "author": null, "time_limit": 0, "n_questions": 5, "public": false, "description": "", "exam_type": "exam"}}, {"model": "exam.exam", "pk": 129, "fields": {"name": "125.0", "slug": "1250", "author": null, "time_limit": 0, "n_questions": 5, "public": false, "description": "", "exam_type": "exam"}}, {"model": "exam.exam", "pk": 130, "fields": {"name": "126.0", "slug": "1260", "author": null, "time_limit": 0, "n_questions": 5, "public": false, "description": "", "exam_type": "exam"}}, {"model": "exam.exam", "pk": 131, "fields": {"name": "127.0", "slug": "1270", "author": null, "time_limit": 0, "n_questions": 5, "public": false, "description": "", "exam_type": "exam"}}, {"model": "exam.exam", "pk": 132, "fields": {"name": "128.0", "slug": "1280", "author": null, "time_limit": 0, "n_questions": 5, "public": false, "description": "", "exam_type": "exam"}}, {"model": "exam.exam", "pk": 133, "fields": {"name": "129.0", "slug": "1290", "author": null, "time_limit": 0, "n_questions": 5, "public": false, "description": "", "exam_type": "exam"}}, {"model": "exam.exam", "pk": 134, "fields": {"name": "130.0", "slug": "1300", "author": null, "time_limit": 0, "n_questions": 5, "public": false, "description": "", "exam_type": "exam"}}, {"model": "exam.exam", "pk": 135, "fields": {"name": "131.0", "slug": "1310", "author": null, "time_limit": 0, "n_questions": 5, "public": false, "description": "", "exam_type": "exam"}}, {"model": "exam.exam", "pk": 136, "fields": {"name": "136.0", "slug": "1360", "author": null, "time_limit": 0, "n_questions": 5, "public": false, "description": "", "exam_type": "exam"}}, {"model": "exam.exam", "pk": 137, "fields": {"name": "137.0", "slug": "1370", "author": null, "time_limit": 0, "n_questions": 5, "public": false, "description": "", "exam_type": "exam"}}, {"model": "exam.exam", "pk": 138, "fields": {"name": "138.0", "slug": "1380", "author": null, "time_limit": 0, "n_questions": 5, "public": false, "description": "", "exam_type": "exam"}}, {"model": "exam.exam", "pk": 139, "fields": {"name": "139.0", "slug": "1390", "author": null, "time_limit": 0, "n_questions": 5, "public": false, "description": "", "exam_type": "exam"}}, {"model": "exam.exam", "pk": 140, "fields": {"name": "140.0", "slug": "1400", "author": null, "time_limit": 0, "n_questions": 5, "public": false, "description": "", "exam_type": "exam"}}, {"model": "elearning.elearning", "pk": 5, "fields": {"slides": false, "random_questions": true}}, {"model": "elearning.elearning", "pk": 6, "fields": {"slides": false, "random_questions": true}}, {"model": "elearning.elearningusersession", "pk": 50, "fields": {"elearning": 5, "active_session": 4, "seen_slides": 6, "phase": 2}}, {"model": "elearning.elearningusersession", "pk": 52, "fields": {"elearning": 5, "active_session": 6, "seen_slides": 7, "phase": 1}}, {"model": "elearning.elearningusersession", "pk": 54, "fields": {"elearning": 6, "active_session": 8, "seen_slides": 0, "phase": 3}}, {"model": "elearning.elearningusersession", "pk": 57, "fields": {"elearning": 5, "active_session": 6, "seen_slides": 7, "phase": 3}}, {"model": "elearning.elearningusersession", "pk": 60, "fields": {"elearning": 5, "active_session": 5, "seen_slides": 0, "phase": 3}}, {"model": "elearning.elearningusersession", "pk": 62, "fields": {"elearning": 6, "active_session": 8, "seen_slides": 4, "phase": 2}}, {"model": "elearning.elearningusersession", "pk": 64, "fields": {"elearning": 6, "active_session": 9, "seen_slides": 2, "phase": 3}}, {"model": "elearning.elearningusersession", "pk": 65, "fields": {"elearning": 5, "active_session": 4, "seen_slides": 6, "phase": 0}}, {"model": "elearning.elearningusersession", "pk": 66, "fields": {"elearning": 5, "active_session": 6, "seen_slides": 0, "phase": 3}}, {"model": "elearning.elearningusersession", "pk": 67, "fields": {"elearning": 6, "active_session": 7, "seen_slides": 0, "phase": 3}}, {"model": "elearning.elearningusersession", "pk": 78, "fields": {"elearning": 6, "active_session": 9, "seen_slides": 3, "phase": 3}}, {"model": "elearning.elearninguseranswer", "pk": 109, "fields": {"session": 50, "session_number": 1, "question": 152, "answer": 606, "user": 2}}, {"model": "elearning.elearninguseranswer", "pk": 110, "fields": {"session": 52, "session_number": 1, "question": 152, "answer": 608, "user": 1}}, {"model": "elearning.elearninguseranswer", "pk": 111, "fields": {"session": 52, "session_number": 1, "question": 153, "answer": 609, "user": 1}}, {"model": "elearning.elearninguseranswer", "pk": 112, "fields": {"session": 52, "session_number": 1, "question": 150, "answer": 597, "user": 1}}, {"model": "elearning.elearninguseranswer", "pk": 113, "fields": {"session": 52, "session_number": 1, "question": 154, "answer": 614, "user": 1}}, {"model": "elearning.elearninguseranswer", "pk": 114, "fields": {"session": 52, "session_number": 1, "question": 151, "answer": 601, "user": 1}}, {"model": "elearning.elearninguseranswer", "pk": 115, "fields": {"session": 52, "session_number": 2, "question": 152, "answer": 606, "user": 1}}, {"model": "elearning.elearninguseranswer", "pk": 116, "fields": {"session": 52, "session_number": 2, "question": 154, "answer": 613, "user": 1}}, {"model": "elearning.elearninguseranswer", "pk": 117, "fields": {"session": 52, "session_number": 2, "question": 158, "answer": 629, "user": 1}}, {"model": "elearning.elearninguseranswer", "pk": 118, "fields": {"session": 52, "session_number": 2, "question": 157, "answer": 627, "user": 1}}, {"model": "elearning.elearninguseranswer", "pk": 119, "fields": {"session": 52, "session_number": 2, "question": 159, "answer": 636, "user": 1}}, {"model": "elearning.elearninguseranswer", "pk": 120, "fields": {"session": 57, "session_number": 1, "question": 151, "answer": 603, "user": 3}}, {"model": "elearning.elearninguseranswer", "pk": 121, "fields": {"session": 57, "session_number": 1, "question": 153, "answer": 612, "user": 3}}, {"model": "elearning.elearninguseranswer", "pk": 122, "fields": {"session": 57, "session_number": 1, "question": 150, "answer": 597, "user": 3}}, {"model": "elearning.elearninguseranswer", "pk": 123, "fields": {"session": 57, "session_number": 1, "question": 149, "answer": 593, "user": 3}}, {"model": "elearning.elearninguseranswer", "pk": 124, "fields": {"session": 57, "session_number": 1, "question": 154, "answer": 616, "user": 3}}, {"model": "elearning.elearninguseranswer", "pk": 125, "fields": {"session": 52, "session_number": 3, "question": 164, "answer": 653, "user": 1}}, {"model": "elearning.elearninguseranswer", "pk": 126, "fields": {"session": 52, "session_number": 3, "question": 160, "answer": 639, "user": 1}}, {"model": "elearning.elearninguseranswer", "pk": 127, "fields": {"session": 52, "session_number": 3, "question": 162, "answer": 645, "user": 1}}, {"model": "elearning.elearninguseranswer", "pk": 128, "fields": {"session": 52, "session_number": 3, "question": 163, "answer": 649, "user": 1}}, {"model": "elearning.elearninguseranswer", "pk": 129, "fields": {"session": 52, "session_number": 3, "question": 161, "answer": 641, "user": 1}}, {"model": "elearning.elearninguseranswer", "pk": 130, "fields": {"session": 54, "session_number": 1, "question": 170, "answer": 678, "user": 1}}, {"model": "elearning.elearninguseranswer", "pk": 131, "fields": {"session": 54, "session_number": 1, "question": 168, "answer": 669, "user": 1}}, {"model": "elearning.elearninguseranswer", "pk": 132, "fields": {"session": 54, "session_number": 1, "question": 165, "answer": 657, "user": 1}}, {"model": "elearning.elearninguseranswer", "pk": 133, "fields": {"session": 54, "session_number": 1, "question": 169, "answer": 675, "user": 1}}, {"model": "elearning.elearninguseranswer", "pk": 134, "fields": {"session": 54, "session_number": 1, "question": 167, "answer": 668, "user": 1}}, {"model": "elearning.elearninguseranswer", "pk": 135, "fields": {"session": 52, "session_number": 3, "question": 152, "answer": 605, "user": 1}}, {"model": "elearning.elearninguseranswer", "pk": 136, "fields": {"session": 52, "session_number": 3, "question": 152, "answer": 607, "user": 1}}, {"model": "elearning.elearninguseranswer", "pk": 137, "fields": {"session": 52, "session_number": 3, "question": 157, "answer": 625, "user": 1}}, {"model": "elearning.elearninguseranswer", "pk": 138, "fields": {"session": 52, "session_number": 3, "question": 159, "answer": 636, "user": 1}}, {"model": "elearning.elearninguseranswer", "pk": 139, "fields": {"session": 52, "session_number": 3, "question": 160, "answer": 638, "user": 1}}, {"model": "elearning.elearninguseranswer", "pk": 140, "fields": {"session": 57, "session_number": 2, "question": 151, "answer": 604, "user": 3}}, {"model": "elearning.elearninguseranswer", "pk": 141, "fields": {"session": 57, "session_number": 2, "question": 153, "answer": 609, "user": 3}}, {"model": "elearning.elearninguseranswer", "pk": 142, "fields": {"session": 57, "session_number": 2, "question": 154, "answer": 613, "user": 3}}, {"model": "elearning.elearninguseranswer", "pk": 143, "fields": {"session": 57, "session_number": 2, "question": 155, "answer": 617, "user": 3}}, {"model": "elearning.elearninguseranswer", "pk": 144, "fields": {"session": 57, "session_number": 2, "question": 156, "answer": 622, "user": 3}}, {"model": "elearning.elearninguseranswer", "pk": 145, "fields": {"session": 57, "session_number": 3, "question": 151, "answer": 601, "user": 3}}, {"model": "elearning.elearninguseranswer", "pk": 146, "fields": {"session": 57, "session_number": 3, "question": 156, "answer": 621, "user": 3}}, {"model": "elearning.elearninguseranswer", "pk": 147, "fields": {"session": 57, "session_number": 3, "question": 160, "answer": 638, "user": 3}}, {"model": "elearning.elearninguseranswer", "pk": 148, "fields": {"session": 57, "session_number": 3, "question": 161, "answer": 641, "user": 3}}, {"model": "elearning.elearninguseranswer", "pk": 149, "fields": {"session": 57, "session_number": 3, "question": 164, "answer": 653, "user": 3}}, {"model": "elearning.elearninguseranswer", "pk": 150, "fields": {"session": 60, "session_number": 1, "question": 150, "answer": 598, "user": 5}}, {"model": "elearning.elearninguseranswer", "pk": 151, "fields": {"session": 60, "session_number": 1, "question": 154, "answer": 613, "user": 5}}, {"model": "elearning.elearninguseranswer", "pk": 152, "fields": {"session": 60, "session_number": 1, "question": 153, "answer": 611, "user": 5}}, {"model": "elearning.elearninguseranswer", "pk": 153, "fields": {"session": 60, "session_number": 1, "question": 149, "answer": 593, "user": 5}}, {"model": "elearning.elearninguseranswer", "pk": 154, "fields": {"session": 60, "session_number": 1, "question": 151, "answer": 601, "user": 5}}, {"model": "elearning.elearninguseranswer", "pk": 155, "fields": {"session": 57, "session_number": 3, "question": 150, "answer": 597, "user": 3}}, {"model": "elearning.elearninguseranswer", "pk": 156, "fields": {"session": 57, "session_number": 3, "question": 149, "answer": 596, "user": 3}}, {"model": "elearning.elearninguseranswer", "pk": 157, "fields": {"session": 57, "session_number": 3, "question": 160, "answer": 637, "user": 3}}, {"model": "elearning.elearninguseranswer", "pk": 158, "fields": {"session": 62, "session_number": 1, "question": 168, "answer": 671, "user": 3}}, {"model": "elearning.elearninguseranswer", "pk": 159, "fields": {"session": 62, "session_number": 1, "question": 167, "answer": 665, "user": 3}}, {"model": "elearning.elearninguseranswer", "pk": 160, "fields": {"session": 62, "session_number": 1, "question": 170, "answer": 679, "user": 3}}, {"model": "elearning.elearninguseranswer", "pk": 161, "fields": {"session": 62, "session_number": 1, "question": 166, "answer": 664, "user": 3}}, {"model": "elearning.elearninguseranswer", "pk": 162, "fields": {"session": 62, "session_number": 1, "question": 165, "answer": 657, "user": 3}}, {"model": "elearning.elearninguseranswer", "pk": 163, "fields": {"session": 57, "session_number": 3, "question": 153, "answer": 609, "user": 3}}, {"model": "elearning.elearninguseranswer", "pk": 164, "fields": {"session": 57, "session_number": 3, "question": 154, "answer": 614, "user": 3}}, {"model": "elearning.elearninguseranswer", "pk": 165, "fields": {"session": 57, "session_number": 3, "question": 155, "answer": 617, "user": 3}}, {"model": "elearning.elearninguseranswer", "pk": 166, "fields": {"session": 57, "session_number": 3, "question": 151, "answer": 603, "user": 3}}, {"model": "elearning.elearninguseranswer", "pk": 167, "fields": {"session": 57, "session_number": 3, "question": 156, "answer": 621, "user": 3}}, {"model": "elearning.elearninguseranswer", "pk": 168, "fields": {"session": 57, "session_number": 3, "question": 161, "answer": 641, "user": 3}}, {"model": "elearning.elearninguseranswer", "pk": 169, "fields": {"session": 57, "session_number": 3, "question": 164, "answer": 653, "user": 3}}, {"model": "elearning.elearninguseranswer", "pk": 170, "fields": {"session": 57, "session_number": 3, "question": 149, "answer": 593, "user": 3}}, {"model": "elearning.elearninguseranswer", "pk": 171, "fields": {"session": 57, "session_number": 3, "question": 160, "answer": 637, "user": 3}}, {"model": "elearning.elearninguseranswer", "pk": 172, "fields": {"session": 64, "session_number": 1, "question": 170, "answer": 677, "user": 6}}, {"model": "elearning.elearninguseranswer", "pk": 173, "fields": {"session": 64, "session_number": 1, "question": 167, "answer": 665, "user": 6}}, {"model": "elearning.elearninguseranswer", "pk": 174, "fields": {"session": 64, "session_number": 1, "question": 165, "answer": 657, "user": 6}}, {"model": "elearning.elearninguseranswer", "pk": 175, "fields": {"session": 64, "session_number": 1, "question": 168, "answer": 670, "user": 6}}, {"model": "elearning.elearninguseranswer", "pk": 176, "fields": {"session": 64, "session_number": 1, "question": 166, "answer": 661, "user": 6}}, {"model": "elearning.elearninguseranswer", "pk": 177, "fields": {"session": 64, "session_number": 2, "question": 173, "answer": 689, "user": 6}}, {"model": "elearning.elearninguseranswer", "pk": 178, "fields": {"session": 64, "session_number": 2, "question": 171, "answer": 681, "user": 6}}, {"model": "elearning.elearninguseranswer", "pk": 179, "fields": {"session": 64, "session_number": 2, "question": 174, "answer": 693, "user": 6}}, {"model": "elearning.elearninguseranswer", "pk": 180, "fields": {"session": 64, "session_number": 2, "question": 175, "answer": 697, "user": 6}}, {"model": "elearning.elearninguseranswer", "pk": 181, "fields": {"session": 64, "session_number": 2, "question": 172, "answer": 685, "user": 6}}, {"model": "elearning.elearninguseranswer", "pk": 182, "fields": {"session": 65, "session_number": 1, "question": 151, "answer": 602, "user": 10}}, {"model": "elearning.elearninguseranswer", "pk": 183, "fields": {"session": 65, "session_number": 1, "question": 154, "answer": 615, "user": 10}}, {"model": "elearning.elearninguseranswer", "pk": 184, "fields": {"session": 65, "session_number": 1, "question": 154, "answer": 614, "user": 10}}, {"model": "elearning.elearninguseranswer", "pk": 185, "fields": {"session": 65, "session_number": 1, "question": 149, "answer": 594, "user": 10}}, {"model": "elearning.elearninguseranswer", "pk": 186, "fields": {"session": 65, "session_number": 1, "question": 150, "answer": 598, "user": 10}}, {"model": "elearning.elearninguseranswer", "pk": 187, "fields": {"session": 66, "session_number": 1, "question": 153, "answer": 609, "user": 11}}, {"model": "elearning.elearninguseranswer", "pk": 188, "fields": {"session": 66, "session_number": 1, "question": 154, "answer": 615, "user": 11}}, {"model": "elearning.elearninguseranswer", "pk": 189, "fields": {"session": 66, "session_number": 1, "question": 150, "answer": 600, "user": 11}}, {"model": "elearning.elearninguseranswer", "pk": 190, "fields": {"session": 66, "session_number": 1, "question": 151, "answer": 603, "user": 11}}, {"model": "elearning.elearninguseranswer", "pk": 191, "fields": {"session": 66, "session_number": 1, "question": 149, "answer": 596, "user": 11}}, {"model": "elearning.elearninguseranswer", "pk": 192, "fields": {"session": 66, "session_number": 2, "question": 157, "answer": 625, "user": 11}}, {"model": "elearning.elearninguseranswer", "pk": 193, "fields": {"session": 66, "session_number": 2, "question": 155, "answer": 619, "user": 11}}, {"model": "elearning.elearninguseranswer", "pk": 194, "fields": {"session": 66, "session_number": 2, "question": 156, "answer": 622, "user": 11}}, {"model": "elearning.elearninguseranswer", "pk": 195, "fields": {"session": 66, "session_number": 2, "question": 159, "answer": 636, "user": 11}}, {"model": "elearning.elearninguseranswer", "pk": 196, "fields": {"session": 78, "session_number": 1, "question": 167, "answer": 665, "user": 11}}, {"model": "elearning.elearninguseranswer", "pk": 197, "fields": {"session": 78, "session_number": 1, "question": 170, "answer": 680, "user": 11}}, {"model": "elearning.elearninguseranswer", "pk": 198, "fields": {"session": 78, "session_number": 1, "question": 165, "answer": 657, "user": 11}}, {"model": "elearning.elearninguseranswer", "pk": 199, "fields": {"session": 78, "session_number": 1, "question": 169, "answer": 673, "user": 11}}, {"model": "elearning.elearninguseranswer", "pk": 200, "fields": {"session": 78, "session_number": 1, "question": 166, "answer": 662, "user": 11}}, {"model": "elearning.elearninguseranswer", "pk": 201, "fields": {"session": 78, "session_number": 2, "question": 173, "answer": 689, "user": 11}}, {"model": "elearning.elearninguseranswer", "pk": 202, "fields": {"session": 78, "session_number": 2, "question": 172, "answer": 685, "user": 11}}, {"model": "elearning.elearninguseranswer", "pk": 203, "fields": {"session": 78, "session_number": 2, "question": 174, "answer": 693, "user": 11}}, {"model": "elearning.elearninguseranswer", "pk": 204, "fields": {"session": 78, "session_number": 2, "question": 171, "answer": 681, "user": 11}}, {"model": "elearning.elearninguseranswer", "pk": 205, "fields": {"session": 78, "session_number": 2, "question": 175, "answer": 697, "user": 11}}, {"model": "elearning.elearninguseranswer", "pk": 206, "fields": {"session": 78, "session_number": 3, "question": 178, "answer": 709, "user": 11}}, {"model": "elearning.elearninguseranswer", "pk": 207, "fields": {"session": 78, "session_number": 3, "question": 180, "answer": 717, "user": 11}}, {"model": "elearning.elearninguseranswer", "pk": 208, "fields": {"session": 78, "session_number": 3, "question": 176, "answer": 701, "user": 11}}, {"model": "elearning.elearninguseranswer", "pk": 209, "fields": {"session": 78, "session_number": 3, "question": 177, "answer": 705, "user": 11}}, {"model": "elearning.elearninguseranswer", "pk": 210, "fields": {"session": 78, "session_number": 3, "question": 179, "answer": 713, "user": 11}}, {"model": "elearning.elearninguseranswer", "pk": 211, "fields": {"session": 66, "session_number": 2, "question": 158, "answer": 629, "user": 11}}, {"model": "admin.logentry", "pk": 1, "fields": {"action_time": "2019-09-26T21:24:17.913Z", "user": 2, "content_type": 17, "object_id": "2", "object_repr": "EXAM2", "action_flag": 3, "change_message": ""}}, {"model": "admin.logentry", "pk": 2, "fields": {"action_time": "2019-09-26T21:25:00.750Z", "user": 2, "content_type": 7, "object_id": "1", "object_repr": "olgierd.baranski@gmail.com", "action_flag": 2, "change_message": "[{\"changed\": {\"fields\": [\"password\"]}}]"}}, {"model": "admin.logentry", "pk": 3, "fields": {"action_time": "2019-09-26T21:26:37.571Z", "user": 2, "content_type": 17, "object_id": "1", "object_repr": "EXAM1", "action_flag": 2, "change_message": "[{\"changed\": {\"fields\": [\"time_limit\"]}}]"}}, {"model": "admin.logentry", "pk": 4, "fields": {"action_time": "2019-09-26T21:27:07.605Z", "user": 2, "content_type": 16, "object_id": "1", "object_repr": "ExamUserSession object (1)", "action_flag": 3, "change_message": ""}}, {"model": "admin.logentry", "pk": 5, "fields": {"action_time": "2019-09-26T22:15:41.116Z", "user": 2, "content_type": 7, "object_id": "1", "object_repr": "olgierd.baranski@gmail.com", "action_flag": 2, "change_message": "[{\"changed\": {\"fields\": [\"password\"]}}]"}}, {"model": "admin.logentry", "pk": 6, "fields": {"action_time": "2019-09-27T06:28:26.235Z", "user": 1, "content_type": 16, "object_id": "6", "object_repr": "ExamUserSession object (6)", "action_flag": 3, "change_message": ""}}, {"model": "admin.logentry", "pk": 7, "fields": {"action_time": "2019-09-27T06:28:26.242Z", "user": 1, "content_type": 16, "object_id": "5", "object_repr": "ExamUserSession object (5)", "action_flag": 3, "change_message": ""}}, {"model": "admin.logentry", "pk": 8, "fields": {"action_time": "2019-09-27T06:28:26.244Z", "user": 1, "content_type": 16, "object_id": "4", "object_repr": "ExamUserSession object (4)", "action_flag": 3, "change_message": ""}}, {"model": "admin.logentry", "pk": 9, "fields": {"action_time": "2019-09-27T06:28:26.247Z", "user": 1, "content_type": 16, "object_id": "3", "object_repr": "ExamUserSession object (3)", "action_flag": 3, "change_message": ""}}, {"model": "admin.logentry", "pk": 10, "fields": {"action_time": "2019-09-27T06:28:26.249Z", "user": 1, "content_type": 16, "object_id": "2", "object_repr": "ExamUserSession object (2)", "action_flag": 3, "change_message": ""}}, {"model": "admin.logentry", "pk": 11, "fields": {"action_time": "2019-09-27T06:29:33.160Z", "user": 1, "content_type": 21, "object_id": "8", "object_repr": "ELearningUserSession object (8)", "action_flag": 3, "change_message": ""}}, {"model": "admin.logentry", "pk": 12, "fields": {"action_time": "2019-09-27T06:29:47.251Z", "user": 1, "content_type": 16, "object_id": "7", "object_repr": "ExamUserSession object (7)", "action_flag": 3, "change_message": ""}}, {"model": "admin.logentry", "pk": 13, "fields": {"action_time": "2019-09-27T06:37:38.213Z", "user": 1, "content_type": 16, "object_id": "9", "object_repr": "ExamUserSession object (9)", "action_flag": 3, "change_message": ""}}, {"model": "admin.logentry", "pk": 14, "fields": {"action_time": "2019-09-27T06:47:50.353Z", "user": 2, "content_type": 16, "object_id": "11", "object_repr": "ExamUserSession object (11)", "action_flag": 3, "change_message": ""}}, {"model": "admin.logentry", "pk": 15, "fields": {"action_time": "2019-09-27T06:47:50.358Z", "user": 2, "content_type": 16, "object_id": "10", "object_repr": "ExamUserSession object (10)", "action_flag": 3, "change_message": ""}}, {"model": "admin.logentry", "pk": 16, "fields": {"action_time": "2019-09-27T06:48:02.941Z", "user": 2, "content_type": 16, "object_id": "12", "object_repr": "ExamUserSession object (12)", "action_flag": 3, "change_message": ""}}, {"model": "admin.logentry", "pk": 17, "fields": {"action_time": "2019-09-27T07:43:35.090Z", "user": 1, "content_type": 16, "object_id": "13", "object_repr": "ExamUserSession object (13)", "action_flag": 3, "change_message": ""}}, {"model": "admin.logentry", "pk": 18, "fields": {"action_time": "2019-09-27T11:26:39.477Z", "user": 1, "content_type": 7, "object_id": "3", "object_repr": "renias747@gmail.com", "action_flag": 1, "change_message": "[{\"added\": {}}]"}}, {"model": "admin.logentry", "pk": 19, "fields": {"action_time": "2019-09-27T19:50:54.973Z", "user": 1, "content_type": 18, "object_id": "4", "object_repr": "ELEARNING1", "action_flag": 3, "change_message": ""}}, {"model": "admin.logentry", "pk": 20, "fields": {"action_time": "2019-10-16T21:20:15.794Z", "user": 1, "content_type": 17, "object_id": "3", "object_repr": "EXAM2", "action_flag": 2, "change_message": "[{\"changed\": {\"fields\": [\"time_limit\"]}}]"}}, {"model": "admin.logentry", "pk": 21, "fields": {"action_time": "2019-10-16T21:20:32.122Z", "user": 1, "content_type": 16, "object_id": "19", "object_repr": "ExamUserSession object (19)", "action_flag": 3, "change_message": ""}}, {"model": "admin.logentry", "pk": 22, "fields": {"action_time": "2019-10-16T21:20:32.127Z", "user": 1, "content_type": 16, "object_id": "17", "object_repr": "ExamUserSession object (17)", "action_flag": 3, "change_message": ""}}, {"model": "admin.logentry", "pk": 23, "fields": {"action_time": "2019-10-16T21:20:32.129Z", "user": 1, "content_type": 16, "object_id": "16", "object_repr": "ExamUserSession object (16)", "action_flag": 3, "change_message": ""}}, {"model": "admin.logentry", "pk": 24, "fields": {"action_time": "2019-10-16T21:20:32.132Z", "user": 1, "content_type": 16, "object_id": "15", "object_repr": "ExamUserSession object (15)", "action_flag": 3, "change_message": ""}}, {"model": "admin.logentry", "pk": 25, "fields": {"action_time": "2019-10-16T21:23:51.806Z", "user": 1, "content_type": 16, "object_id": "20", "object_repr": "ExamUserSession object (20)", "action_flag": 3, "change_message": ""}}, {"model": "admin.logentry", "pk": 26, "fields": {"action_time": "2019-10-17T06:36:27.443Z", "user": 2, "content_type": 16, "object_id": "21", "object_repr": "ExamUserSession object (21)", "action_flag": 3, "change_message": ""}}, {"model": "admin.logentry", "pk": 27, "fields": {"action_time": "2019-10-18T16:14:57.144Z", "user": 1, "content_type": 7, "object_id": "4", "object_repr": "magda.nowikiewicz@gmail.com", "action_flag": 1, "change_message": "[{\"added\": {}}]"}}, {"model": "admin.logentry", "pk": 28, "fields": {"action_time": "2019-10-26T18:21:42.605Z", "user": 2, "content_type": 21, "object_id": "28", "object_repr": "ELearningUserSession object (28)", "action_flag": 3, "change_message": ""}}, {"model": "admin.logentry", "pk": 29, "fields": {"action_time": "2019-10-26T18:21:42.609Z", "user": 2, "content_type": 21, "object_id": "27", "object_repr": "ELearningUserSession object (27)", "action_flag": 3, "change_message": ""}}, {"model": "admin.logentry", "pk": 30, "fields": {"action_time": "2019-10-26T18:21:42.611Z", "user": 2, "content_type": 21, "object_id": "25", "object_repr": "ELearningUserSession object (25)", "action_flag": 3, "change_message": ""}}, {"model": "admin.logentry", "pk": 31, "fields": {"action_time": "2019-10-26T18:27:57.124Z", "user": 2, "content_type": 21, "object_id": "30", "object_repr": "ELearningUserSession object (30)", "action_flag": 3, "change_message": ""}}, {"model": "admin.logentry", "pk": 32, "fields": {"action_time": "2019-10-26T18:28:28.292Z", "user": 2, "content_type": 21, "object_id": "32", "object_repr": "ELearningUserSession object (32)", "action_flag": 3, "change_message": ""}}, {"model": "admin.logentry", "pk": 33, "fields": {"action_time": "2019-10-26T18:28:28.302Z", "user": 2, "content_type": 21, "object_id": "31", "object_repr": "ELearningUserSession object (31)", "action_flag": 3, "change_message": ""}}, {"model": "admin.logentry", "pk": 34, "fields": {"action_time": "2019-10-26T18:28:28.305Z", "user": 2, "content_type": 21, "object_id": "29", "object_repr": "ELearningUserSession object (29)", "action_flag": 3, "change_message": ""}}, {"model": "admin.logentry", "pk": 35, "fields": {"action_time": "2019-11-03T15:30:19.268Z", "user": 2, "content_type": 21, "object_id": "42", "object_repr": "ELearningUserSession object (42)", "action_flag": 3, "change_message": ""}}, {"model": "admin.logentry", "pk": 36, "fields": {"action_time": "2019-11-03T15:30:19.274Z", "user": 2, "content_type": 21, "object_id": "41", "object_repr": "ELearningUserSession object (41)", "action_flag": 3, "change_message": ""}}, {"model": "admin.logentry", "pk": 37, "fields": {"action_time": "2019-11-03T15:30:19.276Z", "user": 2, "content_type": 21, "object_id": "38", "object_repr": "ELearningUserSession object (38)", "action_flag": 3, "change_message": ""}}, {"model": "admin.logentry", "pk": 38, "fields": {"action_time": "2019-11-03T15:30:19.278Z", "user": 2, "content_type": 21, "object_id": "37", "object_repr": "ELearningUserSession object (37)", "action_flag": 3, "change_message": ""}}, {"model": "admin.logentry", "pk": 39, "fields": {"action_time": "2019-11-03T15:30:19.280Z", "user": 2, "content_type": 21, "object_id": "36", "object_repr": "ELearningUserSession object (36)", "action_flag": 3, "change_message": ""}}, {"model": "admin.logentry", "pk": 40, "fields": {"action_time": "2019-11-03T15:30:19.288Z", "user": 2, "content_type": 21, "object_id": "33", "object_repr": "ELearningUserSession object (33)", "action_flag": 3, "change_message": ""}}, {"model": "admin.logentry", "pk": 41, "fields": {"action_time": "2019-11-03T15:41:57.836Z", "user": 2, "content_type": 23, "object_id": "75", "object_repr": "ELearningRepetition object (75)", "action_flag": 3, "change_message": ""}}, {"model": "admin.logentry", "pk": 42, "fields": {"action_time": "2019-11-03T15:41:57.841Z", "user": 2, "content_type": 23, "object_id": "74", "object_repr": "ELearningRepetition object (74)", "action_flag": 3, "change_message": ""}}, {"model": "admin.logentry", "pk": 43, "fields": {"action_time": "2019-11-03T15:41:57.843Z", "user": 2, "content_type": 23, "object_id": "73", "object_repr": "ELearningRepetition object (73)", "action_flag": 3, "change_message": ""}}, {"model": "admin.logentry", "pk": 44, "fields": {"action_time": "2019-11-03T15:43:03.807Z", "user": 2, "content_type": 21, "object_id": "43", "object_repr": "ELearningUserSession object (43)", "action_flag": 3, "change_message": ""}}, {"model": "admin.logentry", "pk": 45, "fields": {"action_time": "2019-11-03T16:08:13.064Z", "user": 2, "content_type": 21, "object_id": "46", "object_repr": "ELearningUserSession object (46)", "action_flag": 3, "change_message": ""}}, {"model": "admin.logentry", "pk": 46, "fields": {"action_time": "2019-11-03T16:08:13.073Z", "user": 2, "content_type": 21, "object_id": "44", "object_repr": "ELearningUserSession object (44)", "action_flag": 3, "change_message": ""}}, {"model": "admin.logentry", "pk": 47, "fields": {"action_time": "2019-11-03T16:10:16.706Z", "user": 2, "content_type": 23, "object_id": "77", "object_repr": "ELearningRepetition object (77)", "action_flag": 2, "change_message": "[{\"changed\": {\"fields\": [\"repeat_after\"]}}]"}}, {"model": "admin.logentry", "pk": 48, "fields": {"action_time": "2019-11-03T16:11:11.784Z", "user": 2, "content_type": 23, "object_id": "77", "object_repr": "ELearningRepetition object (77)", "action_flag": 2, "change_message": "[]"}}, {"model": "admin.logentry", "pk": 49, "fields": {"action_time": "2019-11-03T19:10:19.727Z", "user": 2, "content_type": 21, "object_id": "47", "object_repr": "ELearningUserSession object (47)", "action_flag": 3, "change_message": ""}}, {"model": "admin.logentry", "pk": 50, "fields": {"action_time": "2019-11-03T19:18:37.578Z", "user": 2, "content_type": 21, "object_id": "48", "object_repr": "ELearningUserSession object (48)", "action_flag": 3, "change_message": ""}}, {"model": "admin.logentry", "pk": 51, "fields": {"action_time": "2019-11-03T19:28:43.013Z", "user": 2, "content_type": 21, "object_id": "49", "object_repr": "ELearningUserSession object (49)", "action_flag": 3, "change_message": ""}}, {"model": "admin.logentry", "pk": 52, "fields": {"action_time": "2019-11-06T17:41:14.831Z", "user": 1, "content_type": 7, "object_id": "5", "object_repr": "magda.nowikiewicz@onet.pl", "action_flag": 1, "change_message": "[{\"added\": {}}]"}}, {"model": "admin.logentry", "pk": 53, "fields": {"action_time": "2019-11-12T08:37:06.835Z", "user": 1, "content_type": 7, "object_id": "6", "object_repr": "sdfsdf@gmail.com", "action_flag": 1, "change_message": "[{\"added\": {}}]"}}, {"model": "admin.logentry", "pk": 54, "fields": {"action_time": "2019-11-12T08:37:32.588Z", "user": 1, "content_type": 7, "object_id": "7", "object_repr": "fsdhf@gmail.com", "action_flag": 1, "change_message": "[{\"added\": {}}]"}}, {"model": "admin.logentry", "pk": 55, "fields": {"action_time": "2019-11-12T08:37:49.134Z", "user": 1, "content_type": 7, "object_id": "8", "object_repr": "mjmj@gmail.com", "action_flag": 1, "change_message": "[{\"added\": {}}]"}}, {"model": "admin.logentry", "pk": 56, "fields": {"action_time": "2019-11-12T08:38:09.765Z", "user": 1, "content_type": 7, "object_id": "9", "object_repr": "hytff@gmail.com", "action_flag": 1, "change_message": "[{\"added\": {}}]"}}, {"model": "admin.logentry", "pk": 57, "fields": {"action_time": "2019-11-12T08:38:27.869Z", "user": 1, "content_type": 7, "object_id": "10", "object_repr": "bhuut@gmail.com", "action_flag": 1, "change_message": "[{\"added\": {}}]"}}, {"model": "admin.logentry", "pk": 58, "fields": {"action_time": "2019-11-12T08:38:49.992Z", "user": 1, "content_type": 7, "object_id": "11", "object_repr": "erggb@gmail.com", "action_flag": 1, "change_message": "[{\"added\": {}}]"}}, {"model": "admin.logentry", "pk": 59, "fields": {"action_time": "2019-11-12T08:39:08.485Z", "user": 1, "content_type": 7, "object_id": "12", "object_repr": "mmftd@gmail.com", "action_flag": 1, "change_message": "[{\"added\": {}}]"}}]